timestamp,open,high,low,close,volume
1775850300000,2243.57,2253.70,2242.62,2251.80,24966.938
1775851200000,2251.80,2254.15,2249.85,2252.11,21294.792
1775852100000,2252.10,2254.06,2249.70,2251.17,15457.271
1775853000000,2251.18,2255.89,2241.48,2246.35,50723.429
1775853900000,2246.35,2255.88,2243.18,2254.04,42359.472
1775854800000,2254.03,2254.55,2243.48,2245.00,31584.283
1775855700000,2245.00,2249.26,2243.71,2245.97,12544.262
1775856600000,2245.96,2250.38,2240.31,2248.04,24727.637
1775857500000,2248.04,2254.48,2245.99,2253.72,15733.535
1775858400000,2253.72,2254.14,2249.57,2251.30,12710.661
1775859300000,2251.31,2252.69,2246.01,2246.38,17693.257
1775860200000,2246.38,2246.54,2233.74,2239.86,69042.153
1775861100000,2239.86,2242.02,2239.86,2241.20,9804.785
1775862000000,2241.21,2241.48,2238.08,2240.74,11909.918
1775862900000,2240.74,2243.50,2239.04,2242.08,12398.490
1775863800000,2242.08,2243.12,2240.01,2242.53,8154.034
1775864700000,2242.54,2244.42,2241.96,2243.90,12833.170
1775865600000,2243.91,2243.91,2238.18,2240.60,15568.421
1775866500000,2240.61,2241.10,2237.08,2238.40,10897.152
1775867400000,2238.40,2239.11,2235.43,2236.35,14509.926
1775868300000,2236.35,2238.52,2234.44,2237.61,12552.265
1775869200000,2237.61,2240.25,2235.25,2237.62,10509.060
1775870100000,2237.62,2238.37,2233.33,2237.78,14243.367
1775871000000,2237.79,2242.65,2237.42,2240.24,12627.667
1775871900000,2240.25,2245.44,2240.25,2243.24,18396.818
1775872800000,2243.24,2246.51,2240.70,2243.40,13324.953
1775873700000,2243.40,2248.30,2243.09,2247.99,13457.420
1775874600000,2247.99,2251.33,2245.28,2245.55,24577.734
1775875500000,2245.56,2247.00,2244.06,2247.00,8389.170
1775876400000,2247.00,2249.47,2245.31,2248.53,11587.215
1775877300000,2248.54,2248.73,2246.21,2246.49,7868.931
1775878200000,2246.49,2246.88,2243.00,2243.83,10628.252
1775879100000,2243.83,2244.46,2233.65,2235.94,64702.848
1775880000000,2235.94,2241.68,2233.92,2237.07,32828.942
1775880900000,2237.06,2238.72,2235.01,2237.99,13489.754
1775881800000,2237.98,2240.71,2237.98,2239.17,8215.562
1775882700000,2239.17,2240.46,2238.26,2239.72,8081.705
1775883600000,2239.73,2240.62,2228.00,2229.95,47947.953
1775884500000,2229.95,2234.57,2227.03,2234.51,32051.076
1775885400000,2234.52,2236.00,2233.03,2233.79,13200.451
1775886300000,2233.79,2234.11,2231.42,2231.43,16218.512
1775887200000,2231.43,2232.83,2228.26,2230.49,32476.579
1775888100000,2230.50,2232.71,2228.47,2230.67,16313.121
1775889000000,2230.67,2233.31,2230.46,2232.77,13465.484
1775889900000,2232.76,2235.45,2231.94,2234.72,22911.999
1775890800000,2234.72,2234.99,2231.86,2233.01,11279.789
1775891700000,2233.02,2235.48,2232.46,2234.15,9977.915
1775892600000,2234.16,2234.24,2230.72,2231.20,9499.262
1775893500000,2231.20,2231.68,2229.71,2231.68,11501.947
1775894400000,2231.68,2233.99,2231.14,2232.83,10387.417
1775895300000,2232.83,2234.21,2232.31,2232.55,10269.231
1775896200000,2232.56,2233.91,2230.79,2232.62,7550.075
1775897100000,2232.62,2234.06,2231.09,2231.51,8587.057
1775898000000,2231.51,2234.00,2230.69,2233.99,8191.819
1775898900000,2234.00,2248.28,2233.99,2244.58,117788.822
1775899800000,2244.59,2244.59,2239.43,2241.28,25603.478
1775900700000,2241.28,2243.27,2240.88,2242.50,11770.739
1775901600000,2242.50,2243.97,2236.70,2238.83,19757.915
1775902500000,2238.83,2240.96,2236.19,2240.09,14574.992
1775903400000,2240.09,2240.81,2237.23,2237.72,12197.593
1775904300000,2237.72,2239.71,2236.71,2239.11,7036.668
1775905200000,2239.11,2241.37,2238.21,2239.24,8233.706
1775906100000,2239.24,2240.23,2237.31,2238.01,9560.390
1775907000000,2238.01,2242.36,2237.59,2241.63,9593.805
1775907900000,2241.64,2246.00,2240.79,2245.00,25517.888
1775908800000,2245.00,2245.21,2242.30,2243.35,13579.194
1775909700000,2243.36,2243.78,2239.65,2241.39,9807.360
1775910600000,2241.39,2245.74,2241.05,2244.25,10403.188
1775911500000,2244.25,2245.14,2243.43,2244.25,8658.976
1775912400000,2244.25,2244.31,2232.20,2234.61,49701.220
1775913300000,2234.61,2241.28,2232.70,2236.49,29363.278
1775914200000,2236.49,2240.45,2235.54,2238.84,9419.992
1775915100000,2238.83,2240.42,2238.05,2238.58,7465.272
1775916000000,2238.58,2243.39,2236.99,2240.93,12838.295
1775916900000,2240.93,2242.17,2239.25,2239.92,13357.626
1775917800000,2239.93,2240.95,2237.13,2238.68,11799.711
1775918700000,2238.68,2241.51,2238.27,2240.85,6852.022
1775919600000,2240.85,2242.65,2239.97,2242.49,7477.970
1775920500000,2242.50,2255.85,2242.08,2247.04,72788.488
1775921400000,2247.04,2248.95,2244.88,2245.46,18267.415
1775922300000,2245.46,2249.29,2244.27,2248.39,12945.410
1775923200000,2248.39,2249.10,2245.56,2248.07,10683.866
1775924100000,2248.08,2249.67,2245.22,2246.32,9273.282
1775925000000,2246.32,2277.00,2245.50,2262.43,175426.375
1775925900000,2262.42,2264.24,2257.22,2257.62,47126.253
1775926800000,2257.61,2260.09,2254.44,2255.34,24329.354
1775927700000,2255.33,2259.00,2252.14,2257.17,26750.957
1775928600000,2257.17,2264.33,2257.16,2260.93,38484.158
1775929500000,2260.93,2262.42,2257.89,2258.50,12743.468
1775930400000,2258.50,2259.70,2255.72,2259.58,11034.129
1775931300000,2259.58,2263.85,2259.57,2261.77,15702.354
1775932200000,2261.76,2312.99,2261.76,2294.97,391596.247
1775933100000,2294.97,2309.19,2294.48,2304.38,84298.655
1775934000000,2304.38,2328.00,2304.27,2313.55,158912.121
1775934900000,2313.56,2322.54,2308.87,2320.23,61345.683
1775935800000,2320.24,2329.99,2316.66,2318.01,80435.882
1775936700000,2318.02,2318.02,2311.53,2315.24,31466.847
1775937600000,2315.25,2316.48,2303.64,2306.21,45969.519
1775938500000,2306.20,2310.55,2300.95,2302.25,35938.212
1775939400000,2302.24,2302.48,2287.00,2294.98,70753.009
1775940300000,2294.98,2302.00,2293.72,2297.47,28276.738
1775941200000,2297.46,2304.00,2291.20,2302.15,31435.803
1775942100000,2302.15,2302.35,2296.47,2297.34,17851.617
1775943000000,2297.34,2301.50,2295.01,2297.01,18180.346
1775943900000,2297.01,2302.89,2297.01,2298.45,14565.224
1775944800000,2298.45,2304.37,2295.78,2302.73,20357.519
1775945700000,2302.73,2307.27,2300.95,2305.18,25558.263
1775946600000,2305.18,2305.30,2287.77,2295.81,63536.485
1775947500000,2295.81,2296.56,2290.81,2295.84,19865.598
1775948400000,2295.84,2295.84,2275.20,2283.02,95937.661
1775949300000,2283.02,2288.47,2282.54,2286.23,17285.677
1775950200000,2286.23,2288.49,2283.04,2283.46,15838.306
1775951100000,2283.46,2286.29,2282.54,2283.85,9550.236
1775952000000,2283.86,2288.12,2276.06,2283.08,49481.072
1775952900000,2283.07,2286.00,2281.41,2282.92,23718.861
1775953800000,2282.93,2285.00,2278.14,2279.66,28720.264
1775954700000,2279.66,2284.98,2279.66,2284.56,12731.725
1775955600000,2284.56,2287.50,2278.25,2283.27,29853.156
1775956500000,2283.27,2285.30,2281.45,2282.45,9816.785
1775957400000,2282.45,2282.46,2217.82,2226.29,388012.291
1775958300000,2226.28,2227.40,2208.00,2217.93,247623.088
1775959200000,2217.92,2229.00,2205.52,2224.01,155684.309
1775960100000,2224.02,2232.90,2217.10,2222.95,85452.332
1775961000000,2222.96,2227.73,2222.67,2225.03,24296.326
1775961900000,2225.03,2225.44,2221.31,2222.26,26613.442
1775962800000,2222.26,2226.01,2216.32,2220.84,39226.291
1775963700000,2220.84,2222.70,2216.49,2218.47,22651.291
1775964600000,2218.47,2221.06,2211.30,2215.51,47165.376
1775965500000,2215.50,2216.44,2212.01,2212.71,26567.564
1775966400000,2212.71,2215.16,2210.55,2213.89,33762.369
1775967300000,2213.88,2215.39,2208.49,2211.47,26358.019
1775968200000,2211.46,2212.99,2210.05,2212.26,15299.618
1775969100000,2212.26,2213.00,2209.22,2211.04,19091.693
1775970000000,2211.04,2213.00,2207.00,2210.57,30393.184
1775970900000,2210.56,2217.93,2208.63,2217.72,34883.004
1775971800000,2217.72,2218.81,2213.19,2214.42,25515.331
1775972700000,2214.42,2217.92,2214.00,2216.00,15831.985
1775973600000,2216.00,2219.88,2215.86,2219.47,19223.234
1775974500000,2219.46,2219.69,2216.34,2218.35,11707.764
1775975400000,2218.36,2218.36,2213.70,2214.24,16969.020
1775976300000,2214.25,2216.23,2213.60,2214.92,9586.013
1775977200000,2214.92,2215.37,2211.35,2212.81,18592.497
1775978100000,2212.80,2214.30,2211.86,2213.71,8147.006
1775979000000,2213.71,2218.21,2213.50,2217.77,13223.118
1775979900000,2217.78,2219.44,2216.77,2217.01,16185.393
1775980800000,2217.01,2217.34,2213.85,2214.81,13015.482
1775981700000,2214.81,2217.50,2214.70,2217.49,6224.461
1775982600000,2217.49,2217.98,2215.53,2216.95,8892.963
1775983500000,2216.95,2216.96,2210.42,2212.93,18639.159
1775984400000,2212.94,2213.75,2210.10,2213.53,17470.675
1775985300000,2213.52,2215.00,2213.16,2213.17,7191.483
1775986200000,2213.17,2214.54,2211.54,2212.63,8534.055
1775987100000,2212.63,2214.00,2211.00,2213.00,8659.044
1775988000000,2213.01,2216.54,2212.01,2213.41,11818.109
1775988900000,2213.42,2215.25,2213.10,2213.53,7120.215
1775989800000,2213.53,2213.60,2211.00,2211.84,11692.531
1775990700000,2211.84,2211.97,2192.42,2200.47,187516.854
1775991600000,2200.47,2206.36,2196.01,2204.21,51283.589
1775992500000,2204.21,2204.81,2201.84,2204.49,19726.757
1775993400000,2204.49,2204.88,2201.45,2202.77,12661.978
1775994300000,2202.78,2203.96,2201.62,2203.11,12571.108
1775995200000,2203.11,2203.11,2198.68,2201.64,21336.617
1775996100000,2201.64,2203.88,2201.24,2203.60,10661.691
1775997000000,2203.60,2207.35,2198.30,2205.51,41058.165
1775997900000,2205.50,2206.08,2185.26,2193.39,120503.962
1775998800000,2193.40,2198.15,2185.00,2190.71,126188.080
1775999700000,2190.71,2196.00,2190.70,2193.78,31843.161
1776000600000,2193.78,2194.92,2186.38,2189.58,40357.220
1776001500000,2189.57,2190.32,2183.01,2185.88,47958.089
1776002400000,2185.88,2191.46,2183.30,2187.96,41245.534
1776003300000,2187.96,2192.80,2187.95,2191.30,29302.193
1776004200000,2191.30,2191.58,2177.00,2182.39,82040.485
1776005100000,2182.39,2183.53,2177.00,2179.79,51417.945
1776006000000,2179.80,2183.64,2178.66,2183.16,39615.978
1776006900000,2183.17,2183.34,2177.82,2180.01,21027.796
1776007800000,2180.00,2183.23,2173.00,2181.82,50882.436
1776008700000,2181.82,2188.34,2180.77,2185.27,28852.112
1776009600000,2185.27,2189.56,2183.18,2186.80,40472.540
1776010500000,2186.80,2186.80,2181.66,2185.35,15198.348
1776011400000,2185.35,2186.14,2182.58,2184.41,19842.340
1776012300000,2184.41,2186.36,2183.08,2186.16,12917.925
1776013200000,2186.16,2190.77,2186.16,2186.31,24159.765
1776014100000,2186.30,2192.17,2186.30,2191.81,24282.849
1776015000000,2191.81,2196.76,2191.81,2193.91,36569.604
1776015900000,2193.90,2204.00,2190.59,2201.99,80182.083
1776016800000,2202.00,2205.00,2200.01,2203.33,30684.755
1776017700000,2203.32,2206.00,2199.00,2199.37,25789.328
1776018600000,2199.37,2205.94,2199.37,2201.84,18852.735
1776019500000,2201.85,2202.00,2198.18,2199.24,11868.313
1776020400000,2199.24,2204.12,2199.00,2201.28,8192.041
1776021300000,2201.27,2203.61,2200.56,2203.60,9018.610
1776022200000,2203.60,2204.10,2199.30,2200.09,8497.408
1776023100000,2200.10,2200.55,2196.01,2197.24,16594.258
1776024000000,2197.23,2198.70,2192.60,2194.45,41691.509
1776024900000,2194.46,2197.05,2192.08,2196.56,13181.031
1776025800000,2196.55,2217.70,2196.36,2211.50,72422.239
1776026700000,2211.51,2215.36,2206.01,2212.26,35195.902
1776027600000,2212.25,2216.71,2204.44,2206.73,25227.524
1776028500000,2206.73,2211.33,2206.46,2207.82,14190.542
1776029400000,2207.82,2211.56,2204.00,2209.42,16483.349
1776030300000,2209.42,2211.00,2205.56,2210.07,14827.853
1776031200000,2210.06,2210.36,2185.57,2195.56,154824.749
1776032100000,2195.56,2197.91,2183.46,2187.13,62974.023
1776033000000,2187.14,2200.72,2182.65,2195.63,56609.086
1776033900000,2195.63,2199.98,2192.48,2198.36,18031.890
1776034800000,2198.35,2198.36,2187.00,2188.00,25205.315
1776035700000,2188.01,2192.44,2186.04,2190.60,15591.811
1776036600000,2190.61,2190.61,2184.95,2189.85,21438.198
1776037500000,2189.85,2193.18,2185.21,2190.62,14432.043
1776038400000,2190.61,2195.75,2186.12,2194.90,27800.816
1776039300000,2194.89,2203.89,2192.59,2199.16,26723.295
1776040200000,2199.16,2203.47,2195.85,2197.48,32583.497
1776041100000,2197.49,2207.46,2196.59,2204.09,25656.986
1776042000000,2204.09,2207.90,2202.07,2202.32,27855.688
1776042900000,2202.32,2203.55,2200.00,2202.05,15949.227
1776043800000,2202.05,2206.29,2199.04,2202.98,16684.619
1776044700000,2202.99,2204.17,2200.89,2202.42,8951.834
1776045600000,2202.43,2204.75,2191.38,2193.12,33821.088
1776046500000,2193.12,2202.96,2193.12,2200.54,20466.289
1776047400000,2200.54,2202.78,2192.22,2192.68,19588.794
1776048300000,2192.67,2194.85,2191.43,2193.19,11462.351
1776049200000,2193.19,2193.76,2189.26,2191.40,19086.602
1776050100000,2191.40,2195.14,2190.17,2192.63,11488.320
1776051000000,2192.62,2194.00,2189.26,2192.73,9785.004
1776051900000,2192.73,2194.05,2191.06,2193.27,7313.976
1776052800000,2193.27,2194.61,2190.39,2192.18,9652.817
1776053700000,2192.19,2194.78,2190.73,2193.73,12241.397
1776054600000,2193.74,2198.31,2193.71,2195.28,19790.750
1776055500000,2195.27,2195.28,2186.27,2189.21,31571.312
1776056400000,2189.21,2189.93,2185.00,2186.06,26068.501
1776057300000,2186.05,2188.20,2183.33,2187.55,19080.402
1776058200000,2187.54,2187.85,2181.02,2184.18,29345.362
1776059100000,2184.18,2190.92,2184.18,2190.36,24050.240
1776060000000,2190.36,2195.30,2189.70,2194.30,37325.531
1776060900000,2194.30,2198.69,2193.30,2195.56,27200.493
1776061800000,2195.57,2199.26,2193.74,2198.71,22706.766
1776062700000,2198.71,2201.47,2195.73,2197.54,32477.002
1776063600000,2197.54,2199.00,2191.39,2191.91,24628.744
1776064500000,2191.91,2191.91,2181.90,2183.45,57958.855
1776065400000,2183.45,2187.37,2183.24,2185.42,26194.073
1776066300000,2185.41,2188.68,2185.00,2185.50,17441.177
1776067200000,2185.50,2188.64,2182.58,2182.74,24165.400
1776068100000,2182.75,2186.00,2180.69,2184.88,43602.805
1776069000000,2184.88,2185.01,2178.64,2180.64,36402.838
1776069900000,2180.65,2184.99,2179.33,2184.34,19790.496
1776070800000,2184.33,2194.62,2184.33,2188.33,44132.118
1776071700000,2188.33,2191.00,2187.06,2189.22,14375.710
1776072600000,2189.22,2189.83,2187.03,2188.70,11634.715
1776073500000,2188.69,2188.83,2186.13,2187.08,10557.491
1776074400000,2187.07,2188.00,2184.11,2186.14,12203.662
1776075300000,2186.14,2186.15,2181.27,2181.81,23721.369
1776076200000,2181.81,2184.95,2178.18,2182.34,29771.591
1776077100000,2182.33,2185.62,2180.22,2182.74,23998.144
1776078000000,2182.75,2186.93,2181.49,2185.17,22991.046
1776078900000,2185.16,2186.63,2183.58,2185.65,11085.253
1776079800000,2185.66,2189.13,2184.00,2188.21,23275.464
1776080700000,2188.20,2190.12,2186.25,2186.30,19168.690
1776081600000,2186.29,2188.31,2182.51,2185.65,28917.941
1776082500000,2185.64,2186.13,2179.27,2179.31,20229.293
1776083400000,2179.31,2182.62,2174.48,2178.91,75939.961
1776084300000,2178.91,2198.00,2178.90,2191.48,119033.341
1776085200000,2191.48,2199.93,2191.48,2199.24,60123.242
1776086100000,2199.23,2201.89,2194.42,2195.84,67953.214
1776087000000,2195.84,2197.78,2180.00,2187.04,100468.403
1776087900000,2187.03,2214.78,2181.55,2214.00,213042.358
1776088800000,2214.00,2217.27,2201.66,2206.64,114663.390
1776089700000,2206.64,2212.00,2202.53,2210.35,72574.921
1776090600000,2210.35,2227.00,2209.66,2224.69,113217.751
1776091500000,2224.70,2234.88,2217.00,2232.89,155201.837
1776092400000,2232.88,2235.41,2214.41,2219.27,110095.413
1776093300000,2219.26,2219.73,2209.71,2212.14,73717.152
1776094200000,2212.15,2212.15,2198.05,2205.60,110778.604
1776095100000,2205.60,2208.87,2200.10,2208.08,42830.685
1776096000000,2208.08,2218.40,2198.57,2218.35,86828.673
1776096900000,2218.34,2226.55,2214.25,2225.27,79571.173
1776097800000,2225.28,2232.98,2222.48,2226.94,110695.606
1776098700000,2226.95,2233.99,2220.86,2224.75,67085.477
1776099600000,2224.74,2229.80,2221.88,2224.61,35421.214
1776100500000,2224.61,2231.70,2223.33,2231.46,24993.026
1776101400000,2231.47,2243.00,2231.37,2234.76,82624.835
1776102300000,2234.77,2236.96,2221.22,2224.11,60208.522
1776103200000,2224.12,2231.00,2222.86,2226.44,48197.970
1776104100000,2226.45,2228.00,2217.42,2221.00,42654.849
1776105000000,2221.00,2233.00,2220.97,2229.93,42048.498
1776105900000,2229.94,2232.63,2226.69,2231.25,22139.466
1776106800000,2231.26,2235.55,2226.84,2227.02,28391.448
1776107700000,2227.02,2245.00,2227.02,2240.73,106269.821
1776108600000,2240.74,2255.45,2239.49,2250.23,167661.599
1776109500000,2250.23,2268.70,2250.00,2261.20,168037.649
1776110400000,2261.20,2262.53,2248.28,2248.53,109167.410
1776111300000,2248.53,2253.49,2246.39,2253.17,44780.094
1776112200000,2253.17,2258.53,2250.85,2254.42,40460.666
1776113100000,2254.43,2256.42,2248.16,2251.49,30097.763
1776114000000,2251.49,2258.89,2248.76,2255.38,25531.215
1776114900000,2255.38,2258.57,2250.79,2252.81,37694.059
1776115800000,2252.81,2268.00,2252.55,2260.49,37009.087
1776116700000,2260.48,2264.04,2256.00,2259.00,22677.135
1776117600000,2259.01,2304.69,2258.78,2294.59,212636.941
1776118500000,2294.58,2337.00,2294.09,2324.70,349134.264
1776119400000,2324.70,2346.68,2324.70,2343.32,214877.317
1776120300000,2343.32,2363.00,2340.01,2351.96,183300.630
1776121200000,2351.97,2359.04,2340.50,2352.66,112818.236
1776122100000,2352.65,2395.85,2346.74,2387.46,450006.318
1776123000000,2387.45,2390.31,2371.08,2372.07,103347.307
1776123900000,2372.06,2376.18,2367.35,2368.80,71615.492
1776124800000,2368.80,2374.76,2363.57,2366.78,74655.138
1776125700000,2366.78,2373.76,2364.00,2365.86,54139.955
1776126600000,2365.85,2370.71,2362.33,2369.13,42345.578
1776127500000,2369.14,2369.35,2359.38,2360.38,43184.311
1776128400000,2360.37,2364.88,2353.87,2364.65,62965.972
1776129300000,2364.65,2368.56,2361.21,2362.82,38352.664
1776130200000,2362.81,2367.91,2360.02,2366.43,29578.611
1776131100000,2366.42,2372.65,2365.27,2367.82,38289.987
1776132000000,2367.82,2374.84,2367.72,2373.85,30102.835
1776132900000,2373.85,2378.00,2369.52,2369.52,36139.695
1776133800000,2369.52,2374.44,2365.56,2371.54,28959.890
1776134700000,2371.55,2372.37,2366.16,2366.51,23394.335
1776135600000,2366.51,2369.94,2365.50,2366.12,17007.817
1776136500000,2366.12,2366.92,2361.00,2362.49,23005.675
1776137400000,2362.49,2368.69,2362.04,2367.55,18636.597
1776138300000,2367.54,2368.19,2363.78,2364.68,14938.369
1776139200000,2364.69,2367.51,2362.29,2365.16,16714.699
1776140100000,2365.15,2367.26,2363.05,2365.41,14805.375
1776141000000,2365.41,2366.41,2362.65,2363.65,15071.895
1776141900000,2363.65,2364.81,2361.07,2363.48,16336.318
1776142800000,2363.49,2363.69,2361.00,2361.44,14687.073
1776143700000,2361.44,2368.72,2359.40,2366.06,27777.505
1776144600000,2366.05,2366.05,2361.00,2361.53,14035.341
1776145500000,2361.53,2361.54,2353.87,2354.96,34770.233
1776146400000,2354.97,2362.80,2354.96,2360.37,36105.716
1776147300000,2360.38,2366.51,2359.05,2365.33,24401.897
1776148200000,2365.33,2368.50,2364.00,2366.84,19773.314
1776149100000,2366.84,2376.09,2366.00,2372.14,50603.647
1776150000000,2372.15,2389.00,2370.14,2381.24,131099.109
1776150900000,2381.24,2383.00,2376.24,2379.29,40569.206
1776151800000,2379.29,2379.81,2370.30,2370.40,37082.607
1776152700000,2370.40,2377.15,2369.33,2376.85,32843.898
1776153600000,2376.85,2379.26,2372.92,2376.36,25480.094
1776154500000,2376.36,2379.75,2374.04,2379.20,23363.694
1776155400000,2379.20,2395.30,2377.62,2387.04,179389.306
1776156300000,2387.05,2389.32,2385.00,2386.80,39399.079
1776157200000,2386.80,2392.45,2385.00,2391.63,48742.168
1776158100000,2391.64,2393.80,2385.61,2389.02,42134.986
1776159000000,2389.03,2392.65,2385.00,2386.14,37095.975
1776159900000,2386.14,2387.89,2381.26,2386.39,34347.546
1776160800000,2386.40,2386.97,2381.69,2384.15,24660.793
1776161700000,2384.14,2385.05,2380.34,2382.44,19941.942
1776162600000,2382.43,2384.59,2373.76,2374.84,41563.979
1776163500000,2374.84,2376.97,2372.16,2374.03,36174.476
1776164400000,2374.02,2375.26,2372.36,2372.75,22063.663
1776165300000,2372.75,2375.49,2367.33,2368.40,32672.669
1776166200000,2368.39,2373.67,2366.62,2371.04,35436.685
1776167100000,2371.04,2377.00,2370.57,2373.12,46871.745
1776168000000,2373.13,2376.42,2368.06,2368.76,40117.189
1776168900000,2368.77,2372.68,2367.76,2371.90,25210.770
1776169800000,2371.90,2377.00,2368.69,2369.60,46782.927
1776170700000,2369.61,2374.30,2369.48,2372.85,16090.115
1776171600000,2372.85,2381.00,2371.34,2379.75,45032.247
1776172500000,2379.75,2383.00,2372.43,2372.48,53459.890
1776173400000,2372.47,2394.99,2372.46,2388.52,199703.784
1776174300000,2388.52,2392.00,2382.18,2390.33,114950.352
1776175200000,2390.32,2393.00,2376.67,2381.89,118747.793
1776176100000,2381.89,2392.88,2378.88,2390.94,77596.660
1776177000000,2390.94,2416.40,2364.47,2370.07,432317.770
1776177900000,2370.06,2372.66,2352.00,2352.08,196159.330
1776178800000,2352.08,2357.52,2331.46,2341.00,405875.233
1776179700000,2340.99,2346.94,2338.00,2340.22,137944.763
1776180600000,2340.21,2366.09,2339.26,2365.03,144668.763
1776181500000,2365.03,2370.89,2360.25,2363.24,90980.801
1776182400000,2363.25,2370.29,2357.20,2359.88,80001.253
1776183300000,2359.88,2360.96,2346.80,2351.57,62379.772
1776184200000,2351.57,2353.35,2343.63,2349.75,40317.047
1776185100000,2349.74,2350.00,2328.88,2332.77,154913.230
1776186000000,2332.78,2339.22,2328.24,2337.53,68421.064
1776186900000,2337.52,2344.80,2333.25,2333.63,41595.282
1776187800000,2333.63,2336.19,2322.61,2331.81,101585.728
1776188700000,2331.80,2337.54,2329.86,2337.54,26769.740
1776189600000,2337.53,2343.42,2336.17,2338.02,38129.304
1776190500000,2338.02,2341.23,2327.92,2333.69,40296.104
1776191400000,2333.69,2337.00,2321.01,2325.70,52881.460
1776192300000,2325.70,2327.01,2307.55,2312.79,154696.948
1776193200000,2312.78,2321.98,2309.45,2316.47,50314.658
1776194100000,2316.47,2320.53,2301.60,2312.70,76061.255
1776195000000,2312.70,2316.81,2307.46,2309.69,36840.990
1776195900000,2309.70,2313.38,2307.48,2312.54,33500.018
1776196800000,2312.56,2322.95,2310.61,2319.65,43896.077
1776197700000,2319.65,2320.40,2307.43,2310.41,26615.991
1776198600000,2310.41,2313.88,2307.42,2313.46,13855.285
1776199500000,2313.46,2316.55,2309.00,2313.93,19649.766
1776200400000,2313.93,2325.16,2313.56,2319.04,45680.633
1776201300000,2319.04,2320.77,2314.08,2320.23,16591.487
1776202200000,2320.24,2321.12,2315.08,2318.47,12626.264
1776203100000,2318.48,2325.27,2316.24,2322.51,18703.142
1776204000000,2322.51,2331.66,2319.00,2327.00,69859.185
1776204900000,2327.00,2327.01,2312.34,2313.22,33466.445
1776205800000,2313.23,2318.93,2310.20,2311.33,28040.636
1776206700000,2311.34,2316.50,2310.82,2314.08,19701.390
1776207600000,2314.07,2320.64,2313.08,2317.67,18805.700
1776208500000,2317.67,2321.42,2316.04,2318.51,13299.008
1776209400000,2318.51,2325.51,2318.33,2323.14,24230.956
1776210300000,2323.15,2325.60,2318.00,2321.17,30539.424
1776211200000,2321.16,2342.07,2320.60,2336.95,93134.404
1776212100000,2336.95,2340.32,2329.36,2336.85,31416.243
1776213000000,2336.85,2338.18,2330.23,2331.96,15169.784
1776213900000,2331.96,2334.11,2327.27,2332.51,21425.132
1776214800000,2332.51,2338.88,2330.18,2338.56,24571.293
1776215700000,2338.57,2339.77,2331.87,2335.34,18192.837
1776216600000,2335.35,2338.12,2330.08,2337.14,21978.900
1776217500000,2337.13,2341.53,2332.45,2334.68,25187.004
1776218400000,2334.67,2337.16,2331.21,2333.43,10562.975
1776219300000,2333.43,2334.44,2324.33,2324.67,32358.104
1776220200000,2324.67,2325.02,2316.43,2320.69,47413.168
1776221100000,2320.68,2324.40,2317.31,2323.71,18397.351
1776222000000,2323.71,2324.00,2319.53,2321.75,16225.007
1776222900000,2321.75,2327.87,2319.23,2325.91,15154.625
1776223800000,2325.91,2328.35,2321.17,2322.99,10656.358
1776224700000,2323.00,2328.59,2322.38,2327.60,12657.221
1776225600000,2327.59,2333.05,2327.50,2329.88,20370.012
1776226500000,2329.88,2332.80,2326.48,2328.82,17171.734
1776227400000,2328.82,2333.31,2326.90,2330.21,11470.526
1776228300000,2330.20,2333.33,2327.21,2332.09,17225.929
1776229200000,2332.10,2337.19,2327.24,2328.91,33849.149
1776230100000,2328.91,2330.09,2319.27,2321.01,38013.210
1776231000000,2321.00,2321.97,2312.79,2316.89,61426.969
1776231900000,2316.90,2319.66,2314.52,2318.29,22510.221
1776232800000,2318.30,2320.00,2314.19,2316.65,22987.290
1776233700000,2316.66,2319.99,2316.23,2316.47,13633.532
1776234600000,2316.47,2318.19,2314.18,2317.52,17045.854
1776235500000,2317.53,2318.99,2314.40,2316.32,12126.354
1776236400000,2316.32,2322.95,2316.31,2319.21,23086.040
1776237300000,2319.20,2319.24,2306.80,2313.65,57627.751
1776238200000,2313.65,2313.65,2308.81,2311.93,27081.486
1776239100000,2311.92,2317.82,2307.85,2315.53,40538.826
1776240000000,2315.52,2321.71,2312.78,2318.51,29346.896
1776240900000,2318.52,2323.20,2317.12,2322.78,24417.302
1776241800000,2322.77,2332.76,2322.61,2326.16,49612.356
1776242700000,2326.15,2329.09,2321.92,2326.50,28655.717
1776243600000,2326.49,2328.72,2319.39,2322.94,24594.566
1776244500000,2322.93,2325.74,2318.12,2319.30,12915.551
1776245400000,2319.29,2322.22,2317.51,2319.89,15032.010
1776246300000,2319.89,2320.22,2317.37,2319.01,9166.337
1776247200000,2319.00,2324.88,2316.43,2321.20,21913.146
1776248100000,2321.21,2321.38,2312.14,2313.14,32589.832
1776249000000,2313.14,2321.57,2310.93,2321.27,26594.135
1776249900000,2321.27,2327.78,2314.00,2315.72,46032.148
1776250800000,2315.72,2331.85,2315.41,2325.38,40602.036
1776251700000,2325.37,2326.70,2322.17,2323.81,16373.571
1776252600000,2323.80,2328.01,2323.10,2328.01,14044.005
1776253500000,2328.00,2340.00,2327.52,2336.20,109459.392
1776254400000,2336.21,2338.96,2330.79,2333.32,49407.107
1776255300000,2333.33,2333.52,2328.23,2330.65,23453.217
1776256200000,2330.65,2339.02,2330.60,2335.41,29956.932
1776257100000,2335.40,2335.42,2331.64,2331.64,12962.684
1776258000000,2331.65,2332.87,2326.44,2330.52,32455.296
1776258900000,2330.52,2334.05,2326.27,2331.28,20249.987
1776259800000,2331.28,2333.08,2316.42,2317.38,94063.282
1776260700000,2317.37,2331.12,2316.17,2325.73,48628.609
1776261600000,2325.72,2332.64,2320.74,2332.17,28444.306
1776262500000,2332.17,2343.74,2329.97,2338.87,120655.633
1776263400000,2338.88,2340.73,2326.31,2327.96,75000.268
1776264300000,2327.96,2338.88,2327.96,2337.24,35381.497
1776265200000,2337.24,2348.88,2330.10,2346.15,92599.610
1776266100000,2346.15,2348.11,2332.75,2335.06,54626.519
1776267000000,2335.06,2335.06,2319.23,2331.22,125128.913
1776267900000,2331.21,2336.11,2327.40,2330.60,35937.597
1776268800000,2330.60,2340.40,2327.40,2340.39,33647.153
1776269700000,2340.40,2347.39,2338.72,2343.11,69416.012
1776270600000,2343.11,2348.99,2335.00,2336.94,63255.573
1776271500000,2336.95,2343.25,2333.76,2340.42,34344.888
1776272400000,2340.42,2347.20,2338.97,2344.41,37842.455
1776273300000,2344.42,2358.84,2339.42,2351.06,72126.582
1776274200000,2351.06,2354.91,2337.83,2341.46,66188.119
1776275100000,2341.46,2348.00,2340.37,2347.57,30013.273
1776276000000,2347.57,2355.64,2344.87,2352.90,45000.288
1776276900000,2352.89,2354.65,2346.21,2347.79,17129.734
1776277800000,2347.79,2353.88,2346.99,2352.79,17905.338
1776278700000,2352.80,2358.68,2351.83,2357.12,30675.814
1776279600000,2357.12,2367.50,2356.00,2363.85,114422.042
1776280500000,2363.85,2365.19,2358.72,2363.82,29606.977
1776281400000,2363.82,2384.67,2363.40,2374.47,145186.793
1776282300000,2374.47,2377.57,2369.35,2373.70,49484.143
1776283200000,2373.69,2374.87,2358.22,2361.82,65612.831
1776284100000,2361.81,2361.82,2352.52,2359.34,33574.972
1776285000000,2359.35,2366.40,2354.60,2356.70,31888.033
1776285900000,2356.70,2363.17,2356.67,2361.61,17357.696
1776286800000,2361.62,2362.19,2352.42,2352.46,18316.570
1776287700000,2352.46,2353.20,2347.18,2351.58,33805.005
1776288600000,2351.57,2359.50,2348.63,2356.85,22270.753
1776289500000,2356.84,2362.62,2356.00,2360.09,15802.581
1776290400000,2360.09,2379.77,2358.85,2372.59,75345.969
1776291300000,2372.59,2372.59,2363.14,2367.45,37890.806
1776292200000,2367.46,2379.90,2364.11,2368.14,41980.887
1776293100000,2368.13,2372.63,2361.43,2362.59,32556.727
1776294000000,2362.58,2362.59,2354.23,2356.58,42129.716
1776294900000,2356.59,2357.00,2348.28,2354.61,58052.051
1776295800000,2354.61,2355.85,2348.58,2352.32,22856.550
1776296700000,2352.32,2360.71,2351.86,2358.87,19052.294
1776297600000,2358.86,2359.14,2350.56,2352.14,15951.177
1776298500000,2352.15,2354.79,2348.21,2353.60,16405.297
1776299400000,2353.60,2362.88,2353.60,2357.50,26383.984
1776300300000,2357.50,2361.95,2354.26,2359.21,13827.454
1776301200000,2359.21,2359.22,2343.27,2349.30,49347.940
1776302100000,2349.30,2355.57,2346.64,2350.08,14170.751
1776303000000,2350.07,2354.35,2348.86,2353.65,11130.935
1776303900000,2353.64,2354.66,2347.51,2350.86,12243.775
1776304800000,2350.86,2355.68,2350.47,2351.31,15427.894
1776305700000,2351.31,2358.24,2348.53,2357.67,22013.457
1776306600000,2357.67,2368.45,2357.28,2365.15,54817.773
1776307500000,2365.16,2367.31,2353.32,2355.49,29849.894
1776308400000,2355.49,2362.00,2354.66,2356.71,19496.769
1776309300000,2356.71,2364.75,2356.70,2360.01,19049.614
1776310200000,2360.00,2360.99,2356.10,2359.39,13351.664
1776311100000,2359.39,2360.39,2356.05,2356.52,11703.299
1776312000000,2356.51,2360.12,2353.74,2357.93,16107.436
1776312900000,2357.94,2359.80,2355.62,2357.19,7647.412
1776313800000,2357.18,2362.91,2354.20,2360.46,17441.678
1776314700000,2360.46,2360.69,2346.59,2352.72,52257.099
1776315600000,2352.72,2355.00,2348.70,2350.92,19699.813
1776316500000,2350.91,2358.26,2350.00,2356.16,30209.470
1776317400000,2356.16,2360.60,2355.01,2356.70,16052.369
1776318300000,2356.69,2356.95,2353.99,2355.72,8329.301
1776319200000,2355.72,2359.47,2354.42,2355.21,15011.972
1776320100000,2355.21,2357.91,2354.00,2354.26,9743.133
1776321000000,2354.27,2354.93,2348.26,2351.89,22743.674
1776321900000,2351.90,2355.25,2350.20,2354.57,13036.715
1776322800000,2354.56,2356.00,2349.83,2351.11,12920.470
1776323700000,2351.11,2353.48,2349.14,2351.36,13678.577
1776324600000,2351.36,2352.17,2348.36,2349.03,18204.212
1776325500000,2349.03,2349.28,2334.00,2340.40,115990.871
1776326400000,2340.39,2341.89,2333.29,2333.85,65572.423
1776327300000,2333.84,2340.50,2333.84,2339.97,42141.919
1776328200000,2339.97,2343.23,2338.83,2342.00,29899.226
1776329100000,2342.00,2344.86,2336.82,2337.84,31406.604
1776330000000,2337.84,2342.86,2336.60,2342.47,31045.039
1776330900000,2342.47,2347.06,2342.47,2345.18,25447.666
1776331800000,2345.19,2345.71,2337.05,2338.43,25779.705
1776332700000,2338.43,2339.70,2336.16,2337.02,19119.529
1776333600000,2337.02,2339.06,2327.34,2329.31,97710.689
1776334500000,2329.30,2336.33,2327.11,2333.92,38388.208
1776335400000,2333.91,2336.35,2330.84,2331.61,18917.278
1776336300000,2331.62,2333.75,2327.30,2331.07,25512.167
1776337200000,2331.07,2332.66,2328.71,2329.90,15956.498
1776338100000,2329.90,2331.58,2328.50,2331.10,15639.724
1776339000000,2331.11,2334.49,2330.19,2331.08,24680.117
1776339900000,2331.07,2335.06,2330.50,2334.42,21611.010
1776340800000,2334.43,2347.40,2333.48,2343.13,97738.669
1776341700000,2343.14,2345.85,2337.30,2339.64,34949.662
1776342600000,2339.64,2340.95,2335.40,2338.20,24111.701
1776343500000,2338.20,2340.46,2336.33,2339.28,12267.289
1776344400000,2339.27,2344.25,2336.56,2343.47,23725.570
1776345300000,2343.47,2352.00,2342.74,2347.82,47065.860
1776346200000,2347.83,2349.32,2331.16,2335.70,96081.042
1776347100000,2335.70,2335.89,2288.00,2307.14,436674.438
1776348000000,2307.14,2311.99,2296.36,2304.68,174339.791
1776348900000,2304.68,2307.16,2282.70,2293.94,273803.444
1776349800000,2293.94,2305.44,2292.79,2303.85,80610.579
1776350700000,2303.85,2314.90,2302.24,2308.49,91464.231
1776351600000,2308.48,2329.00,2307.00,2323.86,113745.480
1776352500000,2323.86,2327.79,2318.00,2318.00,73226.189
1776353400000,2318.00,2348.73,2317.24,2337.63,180268.654
1776354300000,2337.64,2342.40,2329.99,2337.60,58979.747
1776355200000,2337.59,2347.68,2332.36,2334.92,109824.013
1776356100000,2334.93,2341.25,2330.00,2330.80,49610.577
1776357000000,2330.79,2333.79,2315.01,2320.17,110542.384
1776357900000,2320.17,2323.63,2307.94,2315.33,100923.292
1776358800000,2315.34,2320.00,2310.10,2310.30,60149.793
1776359700000,2310.31,2324.71,2309.00,2323.59,60770.093
1776360600000,2323.58,2328.36,2317.08,2327.01,43706.125
1776361500000,2327.00,2328.15,2318.58,2324.52,35796.124
1776362400000,2324.52,2333.77,2319.00,2326.29,42648.901
1776363300000,2326.30,2329.82,2321.47,2324.99,30964.279
1776364200000,2325.00,2334.27,2323.55,2332.14,39892.052
1776365100000,2332.14,2345.81,2332.13,2342.14,72971.151
1776366000000,2342.15,2344.94,2333.63,2336.18,35976.676
1776366900000,2336.18,2346.79,2334.80,2344.21,28317.840
1776367800000,2344.21,2359.69,2342.02,2357.24,115348.483
1776368700000,2357.24,2361.00,2353.27,2358.39,69296.267
1776369600000,2358.39,2363.67,2352.87,2357.99,46245.658
1776370500000,2357.99,2360.22,2348.07,2349.99,37656.590
1776371400000,2350.00,2350.00,2340.12,2343.83,42345.493
1776372300000,2343.82,2349.74,2342.18,2348.75,25539.189
1776373200000,2348.76,2355.29,2346.34,2349.63,23515.330
1776374100000,2349.63,2350.83,2333.45,2339.40,45660.902
1776375000000,2339.39,2342.41,2336.00,2338.57,13677.361
1776375900000,2338.56,2340.00,2337.38,2340.00,16017.879
1776376800000,2340.00,2349.55,2339.76,2342.64,37065.840
1776377700000,2342.64,2344.50,2337.86,2342.30,21201.611
1776378600000,2342.30,2345.28,2340.37,2343.74,32528.399
1776379500000,2343.75,2346.89,2340.00,2341.44,17866.041
1776380400000,2341.44,2345.50,2340.79,2343.97,18321.452
1776381300000,2343.98,2352.27,2340.97,2347.10,27786.590
1776382200000,2347.10,2354.03,2346.48,2351.58,20397.701
1776383100000,2351.58,2351.99,2345.07,2346.92,12745.224
1776384000000,2346.93,2349.85,2341.14,2341.85,22602.348
1776384900000,2341.85,2345.65,2340.00,2344.64,15912.468
1776385800000,2344.65,2349.41,2344.32,2344.32,11605.100
1776386700000,2344.33,2345.72,2342.22,2343.30,10645.711
1776387600000,2343.29,2348.00,2340.43,2342.73,13390.045
1776388500000,2342.72,2344.00,2325.30,2332.31,69027.006
1776389400000,2332.32,2335.19,2326.00,2331.72,27134.927
1776390300000,2331.73,2337.99,2326.01,2334.00,49585.005
1776391200000,2334.00,2337.73,2329.00,2331.66,19017.268
1776392100000,2331.66,2332.00,2326.42,2326.42,17717.818
1776393000000,2326.41,2332.32,2323.24,2329.31,26958.531
1776393900000,2329.32,2330.94,2327.75,2330.94,11123.644
1776394800000,2330.94,2330.94,2326.19,2327.76,17207.480
1776395700000,2327.77,2329.73,2325.74,2327.28,14381.089
1776396600000,2327.29,2329.95,2322.35,2327.63,24850.487
1776397500000,2327.63,2329.73,2324.08,2324.46,10705.294
1776398400000,2324.45,2326.69,2322.76,2326.55,10317.084
1776399300000,2326.55,2331.00,2326.50,2328.94,14182.182
1776400200000,2328.95,2331.98,2328.38,2331.38,14599.218
1776401100000,2331.38,2333.12,2327.16,2327.81,13300.732
1776402000000,2327.80,2328.12,2314.08,2319.56,49119.812
1776402900000,2319.57,2324.25,2318.80,2321.00,17232.435
1776403800000,2320.99,2322.90,2319.00,2320.24,13202.443
1776404700000,2320.25,2321.38,2317.19,2318.27,11813.724
1776405600000,2318.26,2323.80,2316.52,2322.69,20914.010
1776406500000,2322.68,2325.09,2321.86,2324.78,14990.511
1776407400000,2324.77,2328.74,2323.03,2328.11,19162.656
1776408300000,2328.12,2331.27,2326.92,2329.96,19190.322
1776409200000,2329.96,2340.88,2329.57,2338.91,60476.416
1776410100000,2338.91,2338.91,2333.36,2336.22,23550.259
1776411000000,2336.23,2337.81,2332.01,2334.01,17276.043
1776411900000,2334.01,2334.01,2328.84,2333.24,23189.291
1776412800000,2333.23,2339.00,2331.91,2335.37,22548.851
1776413700000,2335.38,2340.90,2334.22,2339.43,25207.544
1776414600000,2339.43,2353.92,2338.73,2348.15,121216.095
1776415500000,2348.15,2358.46,2344.01,2353.80,75835.102
1776416400000,2353.80,2355.65,2346.45,2355.22,54609.284
1776417300000,2355.23,2376.96,2350.37,2370.48,126616.755
1776418200000,2370.48,2372.49,2348.86,2354.03,114586.430
1776419100000,2354.04,2360.83,2350.56,2357.75,37763.174
1776420000000,2357.75,2359.80,2350.50,2352.44,35449.446
1776420900000,2352.44,2356.13,2340.58,2340.93,57582.972
1776421800000,2340.94,2345.15,2334.74,2337.73,92438.935
1776422700000,2337.73,2343.61,2335.15,2342.53,24397.324
1776423600000,2342.53,2347.98,2341.76,2345.34,25032.285
1776424500000,2345.35,2352.86,2345.34,2350.67,32212.722
1776425400000,2350.68,2354.23,2347.30,2348.64,26018.372
1776426300000,2348.65,2355.69,2348.20,2353.63,22335.621
1776427200000,2353.64,2356.79,2348.00,2355.34,33143.567
1776428100000,2355.35,2364.72,2352.32,2358.24,48883.413
1776429000000,2358.24,2363.00,2352.92,2355.09,34396.710
1776429900000,2355.09,2381.52,2354.35,2370.72,217632.898
1776430800000,2370.73,2409.00,2365.34,2405.86,283658.135
1776431700000,2405.87,2426.00,2395.63,2403.86,386297.235
1776432600000,2403.86,2420.00,2387.14,2417.44,373956.514
1776433500000,2417.43,2439.99,2407.00,2435.86,334029.076
1776434400000,2435.85,2447.54,2425.31,2429.32,208735.330
1776435300000,2429.32,2439.97,2424.45,2431.51,107288.678
1776436200000,2431.50,2456.32,2431.50,2446.96,227982.250
1776437100000,2446.96,2453.73,2439.38,2445.82,116771.766
1776438000000,2445.82,2448.73,2431.08,2440.73,107971.172
1776438900000,2440.74,2448.29,2437.68,2443.15,50989.603
1776439800000,2443.15,2448.34,2434.36,2437.89,68750.498
1776440700000,2437.90,2445.56,2433.63,2440.71,73851.733
1776441600000,2440.71,2452.04,2440.27,2443.75,63540.677
1776442500000,2443.76,2454.99,2440.00,2451.99,83150.397
1776443400000,2451.99,2463.86,2450.70,2457.92,116042.488
1776444300000,2457.93,2459.00,2446.32,2450.00,53464.799
1776445200000,2449.99,2451.15,2429.00,2436.17,94945.652
1776446100000,2436.17,2441.31,2418.77,2427.23,123808.167
1776447000000,2427.23,2437.42,2427.23,2434.14,53275.829
1776447900000,2434.14,2443.47,2433.59,2439.02,55258.878
1776448800000,2439.02,2441.32,2416.29,2418.47,98297.864
1776449700000,2418.47,2426.77,2414.12,2419.28,65142.107
1776450600000,2419.29,2429.32,2418.30,2428.81,32194.113
1776451500000,2428.82,2429.09,2417.00,2419.01,30019.421
1776452400000,2419.01,2425.93,2416.24,2422.57,33344.856
1776453300000,2422.57,2428.97,2422.24,2423.30,26917.488
1776454200000,2423.30,2432.28,2423.30,2429.55,28549.950
1776455100000,2429.55,2430.35,2422.83,2426.48,31491.959
1776456000000,2426.48,2434.00,2426.47,2431.33,32690.670
1776456900000,2431.34,2431.71,2426.34,2426.99,12834.323
1776457800000,2426.99,2427.59,2415.42,2420.32,42214.795
1776458700000,2420.31,2426.03,2418.89,2425.31,15512.029
1776459600000,2425.30,2430.65,2425.07,2428.08,16960.816
1776460500000,2428.08,2432.37,2424.49,2428.77,14410.542
1776461400000,2428.76,2428.76,2417.61,2427.15,29285.282
1776462300000,2427.15,2430.12,2425.49,2428.26,10104.946
1776463200000,2428.25,2430.56,2422.87,2424.95,18967.423
1776464100000,2424.95,2430.88,2421.59,2430.05,29333.956
1776465000000,2430.05,2441.65,2427.72,2435.07,55907.966
1776465900000,2435.07,2437.73,2431.40,2431.97,21871.303
1776466800000,2431.98,2432.24,2426.70,2427.90,17510.749
1776467700000,2427.89,2427.90,2414.14,2419.99,60056.440
1776468600000,2419.99,2423.54,2417.57,2419.13,16907.183
1776469500000,2419.13,2421.82,2416.00,2417.66,21042.310
1776470400000,2417.65,2422.27,2415.50,2416.56,20564.221
1776471300000,2416.56,2420.84,2416.00,2420.28,13817.411
1776472200000,2420.28,2421.33,2408.01,2413.03,45679.191
1776473100000,2413.03,2422.49,2412.28,2419.81,16167.936
1776474000000,2419.82,2426.62,2415.48,2425.63,22611.197
1776474900000,2425.64,2425.64,2422.08,2422.88,11274.061
1776475800000,2422.87,2422.88,2417.64,2418.89,10464.180
1776476700000,2418.89,2422.90,2417.28,2420.01,8814.218
1776477600000,2420.01,2420.47,2415.80,2419.93,13104.261
1776478500000,2419.92,2423.73,2419.92,2421.01,9003.024
1776479400000,2421.00,2422.00,2418.26,2419.74,8103.190
1776480300000,2419.74,2419.98,2417.19,2418.29,9049.009
1776481200000,2418.29,2418.29,2414.28,2415.85,13366.539
1776482100000,2415.84,2418.42,2414.90,2415.71,10191.408
1776483000000,2415.70,2416.87,2413.28,2414.40,12935.651
1776483900000,2414.40,2419.18,2397.00,2404.00,123185.561
1776484800000,2404.00,2409.26,2399.82,2408.79,40196.185
1776485700000,2408.79,2409.29,2399.43,2401.53,32214.988
1776486600000,2401.52,2406.87,2398.00,2403.51,31833.927
1776487500000,2403.52,2408.52,2402.77,2406.27,16696.339
1776488400000,2406.27,2412.38,2405.71,2410.43,19481.878
1776489300000,2410.44,2410.44,2407.40,2407.62,12382.601
1776490200000,2407.61,2407.89,2404.50,2406.17,12090.325
1776491100000,2406.18,2408.05,2405.70,2407.60,5779.527
1776492000000,2407.61,2409.72,2406.01,2407.97,10909.214
1776492900000,2407.96,2407.97,2403.79,2407.38,7572.743
1776493800000,2407.39,2410.31,2406.97,2409.90,11031.270
1776494700000,2409.90,2410.74,2407.27,2408.35,7696.642
1776495600000,2408.36,2409.78,2407.00,2407.67,6882.202
1776496500000,2407.68,2407.86,2404.79,2404.82,10197.083
1776497400000,2404.83,2406.17,2401.29,2404.19,16543.500
1776498300000,2404.20,2404.41,2400.41,2402.38,16718.427
1776499200000,2402.38,2403.84,2397.00,2397.36,34932.516
1776500100000,2397.36,2397.37,2378.11,2386.24,258045.959
1776501000000,2386.23,2386.62,2365.00,2372.74,175957.132
1776501900000,2372.73,2380.93,2371.99,2379.29,59918.147
1776502800000,2379.29,2379.30,2368.45,2374.71,60261.889
1776503700000,2374.70,2376.82,2367.16,2376.65,48012.383
1776504600000,2376.65,2379.27,2374.41,2375.26,24701.784
1776505500000,2375.26,2375.99,2371.42,2374.58,20551.859
1776506400000,2374.59,2374.66,2352.60,2360.58,175628.381
1776507300000,2360.59,2363.62,2357.11,2359.90,40708.829
1776508200000,2359.90,2360.00,2355.00,2355.62,31668.412
1776509100000,2355.62,2360.00,2355.62,2357.97,30194.065
1776510000000,2357.97,2359.18,2346.28,2350.73,84215.144
1776510900000,2350.73,2357.40,2348.97,2354.82,29140.359
1776511800000,2354.82,2357.69,2341.52,2347.14,75780.816
1776512700000,2347.15,2353.62,2345.66,2351.45,47333.463
1776513600000,2351.46,2359.00,2350.10,2356.98,51869.564
1776514500000,2356.98,2362.80,2353.40,2353.59,44018.447
1776515400000,2353.59,2356.77,2350.70,2355.33,23645.993
1776516300000,2355.33,2357.91,2354.05,2356.49,23070.046
1776517200000,2356.49,2356.91,2354.17,2354.20,13337.604
1776518100000,2354.19,2358.82,2349.05,2352.47,29821.752
1776519000000,2352.47,2352.91,2343.56,2348.87,53482.297
1776519900000,2348.87,2356.28,2347.08,2353.94,32858.889
1776520800000,2353.94,2356.33,2351.13,2355.01,22510.109
1776521700000,2355.00,2356.26,2347.55,2354.51,24637.842
1776522600000,2354.50,2360.77,2354.50,2358.56,38900.960
1776523500000,2358.56,2364.98,2357.39,2363.38,38737.781
1776524400000,2363.38,2368.97,2357.25,2362.53,48073.771
1776525300000,2362.54,2364.33,2358.30,2362.90,11904.379
1776526200000,2362.89,2364.84,2359.06,2359.89,12177.595
1776527100000,2359.90,2363.21,2356.80,2361.99,18305.553
1776528000000,2361.98,2365.25,2356.92,2364.45,25684.695
1776528900000,2364.45,2374.15,2352.81,2366.32,94557.176
1776529800000,2366.33,2367.80,2361.61,2362.66,18801.811
1776530700000,2362.67,2365.21,2355.22,2359.17,31967.933
1776531600000,2359.17,2361.19,2351.27,2356.17,33025.691
1776532500000,2356.17,2360.60,2356.17,2360.36,13838.909
1776533400000,2360.36,2363.24,2360.00,2360.45,16135.039
1776534300000,2360.46,2363.40,2359.77,2360.00,10231.401
1776535200000,2359.99,2362.32,2354.78,2359.35,20559.782
1776536100000,2359.35,2359.36,2352.48,2353.70,25620.603
1776537000000,2353.71,2354.38,2337.00,2344.24,140926.050
1776537900000,2344.25,2351.26,2341.14,2346.01,42942.880
1776538800000,2346.01,2354.49,2345.10,2352.37,29463.188
1776539700000,2352.37,2354.05,2346.51,2349.84,13748.666
1776540600000,2349.84,2350.64,2345.49,2345.81,12717.425
1776541500000,2345.81,2348.89,2345.26,2347.04,10648.457
1776542400000,2347.04,2349.72,2343.42,2348.22,16649.259
1776543300000,2348.21,2351.48,2346.44,2347.10,12089.714
1776544200000,2347.10,2351.51,2345.17,2350.81,11233.556
1776545100000,2350.81,2353.45,2349.44,2351.00,12813.585
1776546000000,2350.99,2353.84,2348.55,2350.82,11180.200
1776546900000,2350.81,2351.70,2345.84,2351.22,12101.906
1776547800000,2351.22,2351.49,2346.92,2351.49,9697.134
1776548700000,2351.49,2353.96,2349.89,2353.85,11702.747
1776549600000,2353.84,2354.49,2347.23,2347.80,11319.783
1776550500000,2347.79,2352.64,2347.58,2352.09,5146.166
1776551400000,2352.08,2356.00,2351.62,2352.73,15769.795
1776552300000,2352.73,2358.00,2352.43,2355.00,17071.736
1776553200000,2354.99,2358.57,2353.84,2353.84,14708.588
1776554100000,2353.84,2355.08,2352.41,2353.17,5253.157
1776555000000,2353.16,2353.17,2350.04,2351.50,6726.769
1776555900000,2351.50,2352.07,2348.01,2348.99,9141.619
1776556800000,2348.99,2353.99,2348.67,2350.38,11446.912
1776557700000,2350.38,2350.38,2345.67,2346.68,22398.175
1776558600000,2346.68,2347.80,2343.00,2344.67,17905.962
1776559500000,2344.68,2349.31,2344.35,2347.58,9678.025
1776560400000,2347.59,2351.71,2344.23,2347.22,10227.499
1776561300000,2347.22,2347.25,2342.59,2342.59,10974.319
1776562200000,2342.60,2344.45,2340.18,2343.53,21115.318
1776563100000,2343.53,2348.70,2343.53,2346.29,16059.529
1776564000000,2346.29,2346.75,2343.39,2345.07,7416.113
1776564900000,2345.08,2347.92,2332.04,2336.81,50775.623
1776565800000,2336.80,2346.96,2333.90,2343.28,36235.206
1776566700000,2343.28,2345.39,2336.91,2336.91,22482.669
1776567600000,2336.92,2340.82,2330.15,2340.11,37077.028
1776568500000,2340.11,2342.17,2336.31,2342.06,11622.469
1776569400000,2342.06,2342.67,2339.70,2341.81,9627.711
1776570300000,2341.82,2342.91,2337.56,2338.60,13193.732
1776571200000,2338.61,2344.88,2338.44,2342.90,14604.378
1776572100000,2342.91,2344.00,2340.00,2340.40,9887.899
1776573000000,2340.41,2340.62,2319.50,2327.00,129279.136
1776573900000,2326.99,2332.92,2324.87,2331.99,28943.609
1776574800000,2331.99,2333.43,2327.42,2330.89,18634.876
1776575700000,2330.89,2332.63,2328.03,2332.39,11913.187
1776576600000,2332.40,2337.36,2332.40,2334.44,18817.477
1776577500000,2334.44,2334.46,2330.00,2331.24,12752.848
1776578400000,2331.23,2331.84,2321.00,2322.21,47242.088
1776579300000,2322.21,2330.42,2320.00,2326.59,55246.094
1776580200000,2326.58,2331.00,2326.58,2328.72,19362.619
1776581100000,2328.71,2328.72,2323.69,2326.09,9694.977
1776582000000,2326.08,2326.09,2317.03,2319.56,47562.698
1776582900000,2319.55,2321.32,2291.29,2301.42,231605.544
1776583800000,2301.43,2316.42,2300.52,2313.79,69068.877
1776584700000,2313.79,2317.99,2311.08,2314.27,37432.769
1776585600000,2314.27,2316.46,2310.44,2315.00,22474.579
1776586500000,2314.99,2318.00,2313.97,2313.98,13916.939
1776587400000,2313.97,2319.50,2309.32,2317.51,36334.041
1776588300000,2317.51,2318.96,2315.58,2317.09,15898.083
1776589200000,2317.09,2317.81,2314.31,2316.06,16888.856
1776590100000,2316.06,2316.36,2308.23,2313.55,27520.663
1776591000000,2313.56,2315.30,2308.69,2310.13,17078.941
1776591900000,2310.13,2310.62,2304.23,2308.72,23174.620
1776592800000,2308.72,2311.26,2305.07,2308.07,14818.539
1776593700000,2308.07,2311.20,2306.00,2310.11,15685.374
1776594600000,2310.11,2313.48,2309.68,2313.29,16199.232
1776595500000,2313.30,2318.93,2312.21,2316.38,29224.552
1776596400000,2316.38,2327.23,2315.76,2325.85,55444.143
1776597300000,2325.84,2329.99,2321.02,2323.86,47051.888
1776598200000,2323.87,2327.71,2323.86,2326.15,17547.946
1776599100000,2326.16,2328.80,2325.56,2327.66,23950.337
1776600000000,2327.66,2333.94,2326.00,2331.68,61971.358
1776600900000,2331.69,2331.90,2325.47,2326.70,25598.073
1776601800000,2326.70,2327.83,2322.44,2324.42,29180.136
1776602700000,2324.42,2335.71,2323.00,2329.40,45973.230
1776603600000,2329.39,2338.00,2328.57,2334.30,49881.167
1776604500000,2334.31,2348.92,2333.36,2340.00,128056.562
1776605400000,2339.99,2342.99,2335.88,2340.17,29661.924
1776606300000,2340.16,2340.39,2334.42,2336.84,25218.717
1776607200000,2336.83,2339.93,2325.27,2329.69,67700.109
1776608100000,2329.69,2341.33,2328.60,2337.20,34433.233
1776609000000,2337.19,2338.57,2332.13,2336.58,18869.763
1776609900000,2336.57,2341.66,2335.08,2336.44,20898.601
1776610800000,2336.44,2336.81,2330.69,2334.62,18559.088
1776611700000,2334.62,2340.25,2331.00,2333.51,18759.867
1776612600000,2333.52,2334.62,2313.39,2323.57,96304.861
1776613500000,2323.56,2330.64,2322.26,2329.47,22473.460
1776614400000,2329.46,2330.05,2322.46,2324.12,32202.672
1776615300000,2324.11,2326.46,2317.00,2318.89,30684.698
1776616200000,2318.90,2324.71,2316.00,2317.86,21366.457
1776617100000,2317.85,2321.45,2302.00,2310.36,121888.038
1776618000000,2310.36,2311.00,2293.55,2306.17,126683.964
1776618900000,2306.17,2316.27,2305.56,2310.90,44973.909
1776619800000,2310.90,2314.58,2302.35,2307.88,29830.978
1776620700000,2307.89,2309.67,2292.00,2295.00,86188.462
1776621600000,2294.99,2299.25,2287.93,2296.03,74703.875
1776622500000,2296.02,2300.48,2288.27,2296.71,53957.557
1776623400000,2296.70,2297.99,2289.42,2290.81,27594.499
1776624300000,2290.81,2295.50,2286.30,2294.80,25539.984
1776625200000,2294.80,2300.78,2294.80,2298.78,32793.802
1776626100000,2298.78,2304.00,2292.88,2298.08,29114.814
1776627000000,2298.07,2301.94,2294.56,2295.91,12645.682
1776627900000,2295.90,2299.89,2295.74,2298.63,9000.593
1776628800000,2298.63,2299.04,2289.42,2293.99,28675.008
1776629700000,2293.99,2294.00,2287.41,2291.57,21191.523
1776630600000,2291.56,2296.00,2276.31,2280.86,72489.285
1776631500000,2280.86,2284.92,2271.52,2279.38,77688.343
1776632400000,2279.38,2285.45,2277.81,2284.17,27451.558
1776633300000,2284.16,2286.63,2278.08,2285.28,17905.511
1776634200000,2285.28,2288.98,2284.51,2286.48,15717.502
1776635100000,2286.49,2289.13,2273.30,2274.60,36279.452
1776636000000,2274.58,2274.60,2250.91,2259.21,214753.746
1776636900000,2259.21,2265.48,2251.16,2262.35,84714.156
1776637800000,2262.35,2272.47,2261.19,2272.26,58895.240
1776638700000,2272.26,2274.88,2268.53,2268.76,29511.964
1776639600000,2268.75,2268.75,2259.14,2263.98,55829.610
1776640500000,2263.99,2265.00,2255.00,2263.40,32484.917
1776641400000,2263.41,2268.09,2261.53,2266.53,24905.581
1776642300000,2266.53,2269.72,2261.04,2262.20,19774.271
1776643200000,2262.21,2273.82,2258.30,2267.81,51923.257
1776644100000,2267.80,2276.75,2267.80,2275.11,49936.737
1776645000000,2275.10,2278.36,2272.38,2274.31,36287.478
1776645900000,2274.31,2281.99,2273.45,2278.49,34462.690
1776646800000,2278.49,2283.75,2277.34,2283.46,29211.540
1776647700000,2283.47,2283.47,2276.64,2279.40,20013.326
1776648600000,2279.41,2292.91,2279.40,2290.45,64628.698
1776649500000,2290.45,2291.64,2284.28,2284.73,25563.428
1776650400000,2284.72,2286.79,2271.42,2274.29,46005.806
1776651300000,2274.30,2277.94,2270.40,2276.35,32354.113
1776652200000,2276.34,2278.37,2274.49,2277.50,19465.321
1776653100000,2277.50,2280.30,2274.77,2276.31,22665.969
1776654000000,2276.30,2281.30,2274.65,2281.08,18171.660
1776654900000,2281.08,2282.91,2277.50,2279.16,17037.865
1776655800000,2279.16,2280.59,2277.80,2280.23,8281.572
1776656700000,2280.23,2287.66,2279.11,2285.07,30807.853
1776657600000,2285.08,2285.08,2280.82,2282.25,19496.840
1776658500000,2282.26,2283.67,2278.61,2280.69,13602.737
1776659400000,2280.69,2280.69,2277.63,2278.67,11274.731
1776660300000,2278.67,2284.18,2278.66,2282.19,14461.579
1776661200000,2282.19,2282.19,2268.00,2272.10,52835.731
1776662100000,2272.10,2272.10,2263.50,2265.01,34655.665
1776663000000,2265.00,2268.41,2263.42,2263.42,18517.017
1776663900000,2263.42,2271.41,2262.06,2269.01,21494.975
1776664800000,2269.01,2275.72,2269.01,2269.74,22088.996
1776665700000,2269.74,2274.44,2267.60,2273.52,14177.699
1776666600000,2273.53,2288.36,2273.53,2283.67,50744.948
1776667500000,2283.66,2286.43,2279.45,2284.96,33136.795
1776668400000,2284.96,2287.60,2281.55,2285.68,30393.537
1776669300000,2285.68,2331.88,2284.00,2313.75,307927.690
1776670200000,2313.74,2316.36,2292.55,2296.23,125736.540
1776671100000,2296.24,2301.32,2285.22,2296.82,84245.049
1776672000000,2296.83,2300.00,2289.17,2298.25,51828.465
1776672900000,2298.24,2307.00,2292.00,2298.30,58168.019
1776673800000,2298.31,2299.85,2291.64,2293.98,22750.106
1776674700000,2293.99,2295.31,2288.13,2292.69,26562.322
1776675600000,2292.68,2305.71,2291.99,2302.21,47618.007
1776676500000,2302.20,2306.00,2300.94,2303.36,23856.308
1776677400000,2303.36,2312.88,2302.30,2309.77,46949.615
1776678300000,2309.77,2312.27,2305.36,2307.78,33633.310
1776679200000,2307.78,2317.95,2306.67,2314.33,36367.167
1776680100000,2314.33,2319.19,2313.10,2314.17,27007.140
1776681000000,2314.16,2314.17,2305.48,2307.60,36411.438
1776681900000,2307.60,2308.50,2301.66,2302.12,23930.550
1776682800000,2302.12,2307.99,2298.22,2307.99,33175.557
1776683700000,2307.99,2310.50,2302.19,2305.00,20896.091
1776684600000,2305.01,2308.22,2301.04,2306.93,21200.620
1776685500000,2306.93,2311.27,2305.76,2306.94,29358.589
1776686400000,2306.95,2313.18,2303.00,2311.26,29369.997
1776687300000,2311.27,2322.60,2308.50,2314.17,52581.970
1776688200000,2314.18,2316.88,2305.14,2309.84,50545.004
1776689100000,2309.84,2319.00,2309.83,2317.63,29418.908
1776690000000,2317.63,2326.00,2312.15,2318.30,75963.007
1776690900000,2318.29,2320.74,2308.53,2315.55,46380.646
1776691800000,2315.55,2318.00,2300.00,2311.42,95066.191
1776692700000,2311.42,2315.72,2300.62,2309.46,68577.334
1776693600000,2309.46,2309.77,2295.03,2298.92,84934.859
1776694500000,2298.93,2321.00,2296.87,2309.58,105890.636
1776695400000,2309.57,2313.60,2294.20,2301.51,73870.506
1776696300000,2301.51,2306.69,2281.28,2289.55,150785.452
1776697200000,2289.56,2293.12,2276.71,2291.68,113733.083
1776698100000,2291.68,2318.34,2290.88,2316.60,142374.790
1776699000000,2316.60,2316.60,2305.63,2306.63,69893.231
1776699900000,2306.62,2313.60,2304.17,2312.71,37040.023
1776700800000,2312.72,2313.59,2305.36,2306.50,29820.889
1776701700000,2306.50,2307.41,2298.50,2302.58,37911.548
1776702600000,2302.57,2307.68,2298.70,2305.69,28578.579
1776703500000,2305.69,2308.27,2297.12,2298.99,28920.585
1776704400000,2298.99,2314.80,2296.51,2312.35,42777.874
1776705300000,2312.35,2321.69,2309.57,2312.92,58150.239
1776706200000,2312.91,2316.94,2306.52,2311.80,34628.416
1776707100000,2311.81,2321.00,2309.75,2316.04,33435.158
1776708000000,2316.04,2331.99,2316.04,2330.18,123482.597
1776708900000,2330.19,2334.76,2325.47,2327.15,76967.300
1776709800000,2327.16,2341.83,2323.33,2334.09,115813.973
1776710700000,2334.10,2343.27,2328.03,2332.89,100325.557
1776711600000,2332.90,2334.84,2328.70,2332.70,53280.449
1776712500000,2332.70,2332.71,2325.42,2328.00,26428.750
1776713400000,2328.01,2329.34,2325.89,2327.19,17711.068
1776714300000,2327.18,2332.87,2326.00,2330.39,19893.910
1776715200000,2330.39,2332.81,2327.14,2330.51,26484.136
1776716100000,2330.51,2338.93,2329.09,2329.83,40830.441
1776717000000,2329.82,2330.43,2326.53,2326.67,13109.201
1776717900000,2326.66,2338.31,2323.58,2336.29,69462.560
1776718800000,2336.29,2346.84,2318.73,2323.72,125047.811
1776719700000,2323.72,2325.74,2312.07,2318.65,39922.754
1776720600000,2318.64,2321.60,2313.60,2316.19,18768.962
1776721500000,2316.19,2321.63,2315.70,2320.09,12377.401
1776722400000,2320.10,2327.44,2320.09,2321.99,24757.882
1776723300000,2322.00,2323.52,2315.04,2317.49,14875.639
1776724200000,2317.50,2324.35,2316.27,2319.44,15473.200
1776725100000,2319.44,2319.73,2316.77,2318.15,8510.335
1776726000000,2318.14,2318.15,2308.83,2310.67,31540.864
1776726900000,2310.68,2311.90,2306.01,2308.53,23352.450
1776727800000,2308.53,2313.77,2306.80,2311.68,11942.996
1776728700000,2311.69,2314.24,2309.83,2312.59,12812.900
1776729600000,2312.59,2316.87,2310.23,2314.22,22466.242
1776730500000,2314.22,2315.65,2311.45,2314.68,12991.661
1776731400000,2314.69,2317.67,2313.01,2314.81,14597.529
1776732300000,2314.81,2323.48,2314.81,2320.67,27990.166
1776733200000,2320.66,2325.42,2317.80,2321.27,20386.297
1776734100000,2321.27,2321.96,2316.72,2321.56,15980.411
1776735000000,2321.56,2324.99,2318.50,2320.72,15645.024
1776735900000,2320.65,2320.66,2311.11,2313.78,20067.756
1776736800000,2313.78,2314.38,2306.72,2308.87,35557.248
1776737700000,2308.88,2310.91,2304.47,2309.10,23624.408
1776738600000,2309.09,2312.15,2306.48,2307.11,12808.435
1776739500000,2307.11,2308.78,2305.51,2307.06,12175.212
1776740400000,2307.05,2307.05,2297.51,2302.51,42958.972
1776741300000,2302.50,2307.77,2298.64,2305.21,24782.370
1776742200000,2305.21,2308.50,2302.48,2305.47,16748.799
1776743100000,2305.46,2311.66,2305.31,2310.14,16604.657
1776744000000,2310.13,2311.96,2304.55,2304.85,16548.359
1776744900000,2304.85,2309.72,2302.90,2307.01,24531.665
1776745800000,2307.01,2308.71,2303.69,2308.50,11651.313
1776746700000,2308.50,2315.00,2308.20,2313.08,25231.330
1776747600000,2313.09,2319.70,2312.85,2315.57,30147.535
1776748500000,2315.57,2317.89,2313.35,2316.50,14746.927
1776749400000,2316.51,2316.61,2312.85,2313.56,11376.277
1776750300000,2313.55,2313.99,2311.38,2312.90,8373.988
1776751200000,2312.89,2313.36,2308.50,2309.50,17807.522
1776752100000,2309.49,2310.00,2306.41,2308.71,11257.007
1776753000000,2308.72,2327.11,2308.71,2318.68,57721.692
1776753900000,2318.67,2319.63,2315.64,2316.12,12968.094
1776754800000,2316.12,2316.97,2310.17,2313.09,22472.828
1776755700000,2313.10,2323.31,2311.51,2320.17,29735.586
1776756600000,2320.18,2322.48,2314.60,2320.23,22901.542
1776757500000,2320.23,2323.47,2316.79,2316.96,16933.753
1776758400000,2316.95,2320.56,2312.61,2314.84,23982.408
1776759300000,2314.83,2322.80,2314.22,2321.69,23228.924
1776760200000,2321.69,2327.75,2317.99,2325.32,35403.641
1776761100000,2325.31,2337.99,2319.42,2322.09,91948.920
1776762000000,2322.09,2323.90,2318.53,2322.82,21614.455
1776762900000,2322.82,2326.53,2317.00,2318.55,34459.848
1776763800000,2318.54,2323.92,2317.27,2323.92,21773.453
1776764700000,2323.92,2324.91,2321.44,2324.32,12267.063
1776765600000,2324.33,2329.51,2324.12,2326.79,22228.870
1776766500000,2326.78,2329.68,2323.66,2326.69,20856.364
1776767400000,2326.69,2332.87,2326.10,2331.98,19124.962
1776768300000,2331.99,2336.00,2329.59,2329.69,51822.830
1776769200000,2329.68,2330.15,2314.07,2316.74,113107.236
1776770100000,2316.74,2328.80,2315.14,2325.19,30565.174
1776771000000,2325.19,2326.79,2320.71,2321.40,13406.726
1776771900000,2321.39,2321.43,2316.84,2318.91,17235.907
1776772800000,2318.91,2323.57,2313.00,2315.11,44028.733
1776773700000,2315.12,2317.40,2312.85,2316.68,30648.226
1776774600000,2316.68,2319.85,2292.54,2297.13,150166.568
1776775500000,2297.14,2310.89,2292.66,2307.01,90764.420
1776776400000,2307.01,2308.20,2301.96,2304.15,35411.379
1776777300000,2304.15,2310.00,2303.20,2306.63,25395.603
1776778200000,2306.62,2316.18,2299.20,2309.77,81347.462
1776779100000,2309.76,2313.83,2306.40,2311.65,35786.067
1776780000000,2311.65,2312.80,2302.79,2305.01,39591.906
1776780900000,2305.00,2323.00,2305.00,2313.11,76651.269
1776781800000,2313.11,2326.54,2312.55,2320.80,62290.032
1776782700000,2320.81,2321.52,2293.31,2297.93,113125.932
1776783600000,2297.92,2306.80,2288.79,2304.19,127553.240
1776784500000,2304.20,2310.00,2295.57,2300.99,53187.563
1776785400000,2300.99,2308.92,2294.14,2302.84,40949.797
1776786300000,2302.83,2309.34,2301.37,2309.31,26420.086
1776787200000,2309.30,2316.27,2306.64,2314.05,63198.204
1776788100000,2314.05,2316.27,2308.00,2310.95,42896.980
1776789000000,2310.95,2323.83,2310.14,2312.17,73170.019
1776789900000,2312.17,2315.67,2305.02,2306.15,26773.976
1776790800000,2306.15,2307.94,2294.51,2299.65,75068.756
1776791700000,2299.65,2299.87,2280.82,2294.41,107564.794
1776792600000,2294.41,2318.54,2292.00,2313.48,122280.266
1776793500000,2313.46,2314.83,2301.73,2305.13,58458.247
1776794400000,2305.13,2307.51,2300.41,2304.57,23014.366
1776795300000,2304.58,2308.68,2299.15,2304.20,32672.153
1776796200000,2304.21,2309.47,2302.83,2304.51,14503.055
1776797100000,2304.51,2312.45,2299.66,2311.47,41766.089
1776798000000,2311.47,2321.45,2311.11,2314.14,58544.386
1776798900000,2314.15,2330.00,2311.11,2323.57,89842.348
1776799800000,2323.58,2323.67,2285.58,2287.71,188960.056
1776800700000,2287.72,2298.42,2286.91,2297.04,77865.774
1776801600000,2297.04,2320.54,2293.50,2317.68,166720.073
1776802500000,2317.68,2324.43,2314.70,2316.69,100028.055
1776803400000,2316.69,2324.99,2314.31,2315.08,35129.850
1776804300000,2315.08,2320.00,2309.54,2313.31,34250.859
1776805200000,2313.30,2317.10,2308.47,2312.18,19334.274
1776806100000,2312.19,2316.02,2310.30,2311.68,9814.529
1776807000000,2311.69,2314.18,2308.76,2308.76,8070.544
1776807900000,2308.76,2312.96,2308.55,2311.25,8246.870
1776808800000,2311.25,2315.88,2308.57,2314.37,14031.885
1776809700000,2314.36,2314.63,2302.78,2305.78,32465.296
1776810600000,2305.78,2310.84,2299.53,2310.47,31620.670
1776811500000,2310.48,2310.94,2306.08,2310.06,9146.834
1776812400000,2310.06,2320.75,2309.61,2316.95,28161.548
1776813300000,2316.95,2319.46,2313.80,2314.94,7921.115
1776814200000,2314.95,2325.27,2314.00,2322.60,24617.866
1776815100000,2322.60,2328.69,2322.23,2326.13,36715.054
1776816000000,2326.12,2329.55,2323.64,2326.46,31233.349
1776816900000,2326.45,2328.83,2321.31,2323.43,21533.293
1776817800000,2323.43,2327.70,2321.27,2325.34,13885.252
1776818700000,2325.34,2326.42,2321.50,2324.23,16401.009
1776819600000,2324.23,2327.67,2321.32,2326.15,18374.454
1776820500000,2326.16,2326.16,2312.58,2312.62,46608.957
1776821400000,2312.62,2320.83,2311.41,2318.45,20584.849
1776822300000,2318.44,2325.00,2316.44,2321.42,23161.694
1776823200000,2321.42,2341.00,2318.93,2333.95,106239.700
1776824100000,2333.95,2358.00,2333.95,2354.24,189714.500
1776825000000,2354.24,2366.00,2348.03,2362.81,153878.204
1776825900000,2362.81,2375.22,2356.81,2369.68,126129.364
1776826800000,2369.68,2379.19,2365.53,2370.00,143646.593
1776827700000,2369.99,2370.65,2361.51,2364.07,52689.500
1776828600000,2364.08,2364.80,2357.24,2363.31,46322.476
1776829500000,2363.31,2366.29,2359.89,2362.69,24543.121
1776830400000,2362.69,2366.53,2361.17,2361.55,28029.286
1776831300000,2361.54,2362.44,2357.26,2360.97,22404.583
1776832200000,2360.96,2368.60,2358.35,2364.00,25498.224
1776833100000,2364.01,2364.01,2360.09,2362.79,13166.938
1776834000000,2362.80,2367.16,2360.73,2365.31,17974.167
1776834900000,2365.32,2396.42,2365.00,2386.98,255234.676
1776835800000,2386.99,2402.80,2386.82,2396.44,283290.578
1776836700000,2396.44,2414.35,2393.80,2395.84,263710.309
1776837600000,2395.84,2396.38,2389.35,2391.37,65502.371
1776838500000,2391.37,2394.10,2388.56,2391.35,42510.393
1776839400000,2391.34,2393.81,2389.36,2390.60,26407.138
1776840300000,2390.60,2392.56,2388.87,2392.40,16157.219
1776841200000,2392.40,2396.75,2390.87,2396.29,29283.364
1776842100000,2396.29,2396.29,2382.14,2386.25,72154.929
1776843000000,2386.24,2394.16,2385.20,2393.06,28224.170
1776843900000,2393.05,2393.66,2388.10,2389.24,23257.284
1776844800000,2389.25,2392.97,2388.11,2390.00,19868.901
1776845700000,2390.00,2391.49,2384.80,2384.80,29417.383
1776846600000,2384.80,2387.00,2382.71,2382.74,35800.256
1776847500000,2382.74,2389.40,2382.15,2387.23,20530.657
1776848400000,2387.22,2392.80,2385.74,2390.91,26237.269
1776849300000,2390.92,2393.28,2388.11,2392.63,12668.491
1776850200000,2392.63,2392.93,2388.36,2391.08,12335.407
1776851100000,2391.07,2391.08,2383.51,2386.64,27656.466
1776852000000,2386.64,2389.44,2384.01,2389.19,13846.418
1776852900000,2389.18,2390.81,2386.85,2390.01,12231.490
1776853800000,2390.01,2392.84,2388.58,2389.20,14054.525
1776854700000,2389.19,2390.93,2388.00,2389.18,9330.699
1776855600000,2389.18,2392.52,2385.50,2388.73,21026.390
1776856500000,2388.73,2392.00,2388.72,2391.63,19233.007
1776857400000,2391.63,2397.00,2387.76,2391.56,37689.994
1776858300000,2391.56,2399.84,2391.53,2397.59,37703.799
1776859200000,2397.59,2403.51,2395.08,2401.10,59555.932
1776860100000,2401.10,2405.08,2395.37,2397.12,54009.441
1776861000000,2397.12,2402.00,2395.01,2399.23,37747.986
1776861900000,2399.24,2406.27,2399.24,2403.85,36329.965
1776862800000,2403.85,2413.73,2401.04,2407.75,71242.929
1776863700000,2407.75,2414.99,2405.16,2408.60,64483.483
1776864600000,2408.59,2418.00,2400.02,2412.44,102385.109
1776865500000,2412.43,2423.00,2407.90,2416.31,122219.483
1776866400000,2416.32,2422.55,2410.56,2421.84,78448.329
1776867300000,2421.84,2422.25,2408.64,2410.18,69202.380
1776868200000,2410.18,2411.22,2390.69,2394.91,156853.688
1776869100000,2394.90,2404.99,2394.00,2402.03,57654.947
1776870000000,2402.03,2402.97,2393.63,2397.19,50120.964
1776870900000,2397.20,2399.50,2388.76,2397.73,44450.196
1776871800000,2397.72,2412.19,2393.53,2410.86,170083.120
1776872700000,2410.86,2412.88,2401.67,2402.69,42148.853
1776873600000,2402.69,2412.82,2400.16,2403.64,57962.975
1776874500000,2403.64,2404.17,2391.32,2393.00,48896.693
1776875400000,2393.00,2395.85,2386.32,2389.53,71331.503
1776876300000,2389.52,2391.19,2383.29,2385.36,41920.102
1776877200000,2385.37,2397.26,2385.36,2392.85,51191.583
1776878100000,2392.84,2394.85,2385.85,2391.36,27175.143
1776879000000,2391.36,2399.47,2390.47,2396.53,32913.819
1776879900000,2396.54,2401.82,2391.00,2398.33,35513.013
1776880800000,2398.32,2403.76,2397.16,2401.00,32017.823
1776881700000,2401.00,2401.56,2395.56,2397.05,16731.043
1776882600000,2397.05,2403.43,2393.86,2397.12,29840.224
1776883500000,2397.12,2403.40,2395.27,2396.10,28634.758
1776884400000,2396.10,2396.52,2388.00,2393.75,44575.950
1776885300000,2393.75,2406.57,2392.90,2404.03,54182.772
1776886200000,2404.03,2405.00,2391.39,2394.89,36165.049
1776887100000,2394.89,2399.70,2392.96,2396.75,26194.652
1776888000000,2396.76,2401.49,2395.88,2398.79,32060.808
1776888900000,2398.79,2398.80,2390.49,2396.80,28375.457
1776889800000,2396.81,2398.22,2391.25,2392.71,15813.384
1776890700000,2392.71,2394.49,2389.80,2390.97,19452.395
1776891600000,2390.97,2395.35,2390.69,2393.13,9819.407
1776892500000,2393.13,2397.48,2392.68,2396.00,8157.244
1776893400000,2396.01,2405.20,2396.00,2405.19,18917.480
1776894300000,2405.20,2405.20,2400.33,2401.71,13929.610
1776895200000,2401.72,2404.60,2398.70,2401.59,20511.293
1776896100000,2401.59,2402.45,2395.05,2396.07,12382.350
1776897000000,2396.08,2398.81,2393.09,2394.95,11534.947
1776897900000,2394.95,2399.47,2393.20,2398.95,11015.420
1776898800000,2398.96,2399.63,2391.77,2396.41,18156.927
1776899700000,2396.42,2397.28,2379.42,2385.23,86307.263
1776900600000,2385.23,2385.24,2374.19,2376.33,78946.255
1776901500000,2376.33,2379.50,2372.60,2373.04,24526.425
1776902400000,2373.05,2378.00,2358.50,2359.49,115152.763
1776903300000,2359.50,2373.74,2340.26,2372.71,195481.901
1776904200000,2372.72,2381.85,2367.14,2372.99,81422.480
1776905100000,2372.99,2375.49,2366.74,2371.89,20915.553
1776906000000,2371.90,2372.00,2363.32,2366.64,28348.391
1776906900000,2366.64,2368.96,2359.48,2362.11,30170.059
1776907800000,2362.12,2369.02,2359.63,2365.84,28172.468
1776908700000,2365.85,2368.97,2363.54,2365.94,16829.936
1776909600000,2365.95,2366.23,2359.50,2359.68,22573.638
1776910500000,2359.68,2363.57,2346.61,2354.31,103551.355
1776911400000,2354.32,2356.78,2342.08,2347.88,81728.380
1776912300000,2347.89,2353.94,2345.41,2350.78,34238.237
1776913200000,2350.78,2352.40,2339.87,2340.00,62632.687
1776914100000,2340.00,2343.60,2335.55,2337.90,69109.617
1776915000000,2337.90,2339.28,2330.00,2337.20,84268.206
1776915900000,2337.20,2340.90,2333.70,2339.62,44226.149
1776916800000,2339.62,2343.42,2336.00,2342.37,42006.767
1776917700000,2342.37,2343.86,2339.63,2342.01,22538.579
1776918600000,2342.02,2346.99,2342.01,2344.63,22997.594
1776919500000,2344.64,2347.50,2343.41,2346.38,19039.490
1776920400000,2346.38,2351.27,2346.00,2349.69,36212.047
1776921300000,2349.70,2350.12,2344.32,2345.41,24674.751
1776922200000,2345.41,2345.68,2338.96,2343.53,43233.300
1776923100000,2343.54,2351.02,2343.31,2347.52,28642.639
1776924000000,2347.52,2355.98,2347.52,2350.12,36983.870
1776924900000,2350.12,2357.72,2349.16,2355.23,46710.945
1776925800000,2355.24,2357.53,2351.59,2352.34,24138.697
1776926700000,2352.35,2354.31,2347.66,2353.24,18096.872
1776927600000,2353.24,2355.69,2351.24,2352.29,17097.483
1776928500000,2352.30,2352.69,2347.39,2349.43,35974.750
1776929400000,2349.44,2351.00,2346.00,2350.71,19109.208
1776930300000,2350.71,2352.18,2338.91,2342.81,80150.582
1776931200000,2342.81,2343.20,2336.82,2341.81,72653.516
1776932100000,2341.80,2343.72,2336.00,2337.76,40185.985
1776933000000,2337.76,2337.93,2333.33,2334.53,46768.907
1776933900000,2334.53,2339.50,2334.35,2338.55,30049.789
1776934800000,2338.55,2338.55,2310.00,2320.77,248258.432
1776935700000,2320.76,2326.66,2318.00,2320.19,79356.154
1776936600000,2320.20,2325.41,2319.33,2323.81,36569.456
1776937500000,2323.80,2324.28,2312.75,2314.77,93894.421
1776938400000,2314.77,2317.91,2303.90,2306.65,148304.246
1776939300000,2306.64,2313.00,2306.19,2312.52,40003.070
1776940200000,2312.52,2314.57,2310.12,2311.41,34112.279
1776941100000,2311.42,2314.75,2310.22,2312.89,25509.809
1776942000000,2312.89,2317.29,2312.89,2315.93,37945.324
1776942900000,2315.93,2320.37,2314.96,2318.97,36174.574
1776943800000,2318.97,2324.97,2315.52,2324.10,53794.681
1776944700000,2324.11,2331.39,2323.79,2327.93,76736.553
1776945600000,2327.92,2334.27,2327.43,2331.12,59543.855
1776946500000,2331.12,2331.38,2324.52,2329.28,35791.184
1776947400000,2329.28,2331.81,2327.34,2327.77,20941.155
1776948300000,2327.77,2330.38,2318.77,2327.88,101266.353
1776949200000,2327.87,2331.56,2321.76,2323.29,34065.694
1776950100000,2323.30,2325.11,2319.20,2321.82,36553.966
1776951000000,2321.81,2325.00,2318.30,2319.57,36838.520
1776951900000,2319.57,2322.80,2314.08,2318.51,50863.052
1776952800000,2318.50,2323.60,2315.00,2318.65,36463.978
1776953700000,2318.66,2333.80,2317.50,2325.90,58489.944
1776954600000,2325.89,2331.15,2324.55,2329.33,38364.248
1776955500000,2329.33,2333.83,2327.28,2332.87,38400.106
1776956400000,2332.87,2333.74,2322.28,2327.99,32784.133
1776957300000,2328.00,2343.36,2326.75,2330.91,92763.480
1776958200000,2330.92,2338.84,2327.03,2335.22,44726.683
1776959100000,2335.23,2335.34,2326.52,2332.17,59683.906
1776960000000,2332.17,2333.37,2327.25,2329.36,28899.944
1776960900000,2329.36,2334.88,2327.37,2328.63,24707.009
1776961800000,2328.63,2333.28,2328.00,2330.05,18308.704
1776962700000,2330.05,2331.25,2322.03,2325.07,28699.487
1776963600000,2325.06,2328.24,2310.62,2317.40,103131.626
1776964500000,2317.41,2317.41,2302.00,2308.05,101634.226
1776965400000,2308.05,2310.83,2286.86,2293.00,173192.665
1776966300000,2293.01,2311.32,2283.31,2308.87,169455.918
1776967200000,2308.87,2318.00,2306.19,2311.96,98644.122
1776968100000,2311.96,2315.82,2306.27,2308.67,56151.358
1776969000000,2308.68,2315.29,2308.67,2312.54,28902.935
1776969900000,2312.55,2313.12,2302.95,2303.92,32241.018
1776970800000,2303.93,2309.00,2299.00,2307.23,47662.075
1776971700000,2307.23,2313.14,2307.23,2312.14,22807.288
1776972600000,2312.14,2313.62,2306.59,2308.81,23174.608
1776973500000,2308.81,2317.82,2308.00,2311.78,42778.329
1776974400000,2311.77,2324.11,2311.42,2319.58,34149.989
1776975300000,2319.58,2322.93,2316.58,2317.64,26099.790
1776976200000,2317.64,2328.70,2316.50,2326.53,41236.260
1776977100000,2326.53,2327.45,2321.00,2324.07,21329.373
1776978000000,2324.08,2325.00,2319.70,2319.79,23548.469
1776978900000,2319.79,2323.49,2319.45,2323.49,10386.002
1776979800000,2323.49,2328.00,2323.48,2327.16,14496.276
1776980700000,2327.16,2327.89,2320.11,2320.12,19865.873
1776981600000,2320.12,2331.63,2320.08,2328.80,26599.238
1776982500000,2328.81,2337.76,2327.55,2329.52,55484.195
1776983400000,2329.52,2334.79,2329.52,2334.78,9769.920
1776984300000,2334.79,2336.00,2328.08,2330.53,17192.998
1776985200000,2330.53,2332.21,2325.42,2326.11,16404.808
1776986100000,2326.11,2328.00,2322.24,2325.87,24827.460
1776987000000,2325.87,2330.65,2325.43,2329.69,9180.431
1776987900000,2329.70,2331.81,2328.22,2328.94,12038.375
1776988800000,2328.94,2331.55,2325.50,2330.32,18363.879
1776989700000,2330.33,2336.46,2328.49,2332.52,23677.348
1776990600000,2332.51,2335.92,2331.07,2331.07,12176.823
1776991500000,2331.08,2334.94,2328.60,2331.34,13686.835
1776992400000,2331.35,2331.63,2322.33,2324.48,29982.026
1776993300000,2324.48,2325.23,2320.14,2320.60,25611.685
1776994200000,2320.59,2324.96,2317.28,2320.51,22371.517
1776995100000,2320.52,2333.29,2320.00,2331.76,34969.889
1776996000000,2331.76,2334.36,2325.59,2328.08,20350.633
1776996900000,2328.08,2328.60,2323.00,2323.84,12719.265
1776997800000,2323.85,2328.83,2323.85,2328.23,18289.307
1776998700000,2328.23,2329.56,2312.95,2318.48,65738.116
1776999600000,2318.47,2321.81,2315.54,2318.46,21768.463
1777000500000,2318.46,2318.46,2307.21,2309.49,46067.705
1777001400000,2309.50,2310.00,2298.54,2303.95,87178.475
1777002300000,2303.95,2307.89,2303.77,2307.14,18581.346
1777003200000,2307.15,2309.38,2305.24,2307.86,23936.044
1777004100000,2307.85,2310.33,2303.03,2303.24,20075.853
1777005000000,2303.24,2306.00,2298.44,2303.68,28043.460
1777005900000,2303.68,2307.24,2303.51,2304.89,20813.512
1777006800000,2304.90,2305.65,2301.18,2301.67,16094.483
1777007700000,2301.68,2303.97,2298.51,2303.77,20707.602
1777008600000,2303.77,2309.40,2303.76,2307.69,26282.274
1777009500000,2307.69,2316.19,2307.69,2313.80,35290.542
1777010400000,2313.80,2314.42,2311.08,2314.10,16346.310
1777011300000,2314.11,2316.13,2311.49,2312.08,18933.713
1777012200000,2312.08,2312.99,2307.25,2308.40,20171.804
1777013100000,2308.40,2311.92,2306.99,2307.91,15693.533
1777014000000,2307.90,2315.32,2307.41,2312.65,13833.269
1777014900000,2312.65,2313.69,2309.87,2312.96,15217.286
1777015800000,2312.97,2314.00,2310.50,2311.52,30533.534
1777016700000,2311.51,2313.82,2307.18,2310.49,33762.421
1777017600000,2310.49,2311.34,2305.92,2309.39,22479.319
1777018500000,2309.39,2321.94,2309.39,2314.85,56679.760
1777019400000,2314.86,2315.10,2310.05,2311.62,25931.559
1777020300000,2311.63,2316.55,2311.62,2313.81,16801.301
1777021200000,2313.82,2314.54,2301.66,2306.88,53643.874
1777022100000,2306.88,2309.94,2305.00,2307.01,20523.003
1777023000000,2307.00,2310.40,2306.07,2309.84,12032.287
1777023900000,2309.83,2309.84,2305.45,2308.69,15004.591
1777024800000,2308.69,2308.98,2304.47,2307.38,13491.314
1777025700000,2307.38,2314.65,2307.02,2312.33,21028.898
1777026600000,2312.32,2315.55,2311.27,2312.54,14721.906
1777027500000,2312.55,2318.07,2311.09,2314.55,25539.030
1777028400000,2314.54,2330.00,2314.54,2327.18,122524.564
1777029300000,2327.18,2330.36,2323.31,2330.16,73345.804
1777030200000,2330.17,2331.00,2326.23,2329.63,43750.279
1777031100000,2329.63,2329.72,2325.02,2326.70,31197.469
1777032000000,2326.71,2330.36,2325.62,2329.37,55103.507
1777032900000,2329.37,2330.26,2323.44,2326.84,35333.923
1777033800000,2326.83,2326.87,2321.56,2322.52,35347.650
1777034700000,2322.53,2325.65,2316.59,2323.82,42733.370
1777035600000,2323.83,2330.03,2323.71,2325.81,49063.537
1777036500000,2325.80,2327.85,2320.98,2321.95,26402.023
1777037400000,2321.94,2324.99,2317.68,2318.99,52961.297
1777038300000,2319.00,2320.66,2309.10,2315.70,81063.734
1777039200000,2315.70,2315.70,2306.17,2309.53,72712.026
1777040100000,2309.53,2314.87,2302.21,2305.34,86844.491
1777041000000,2305.34,2315.74,2304.24,2314.79,62121.703
1777041900000,2314.79,2317.17,2309.64,2312.17,33003.392
1777042800000,2312.17,2312.41,2300.00,2307.30,69650.125
1777043700000,2307.29,2313.54,2305.04,2311.07,32735.469
1777044600000,2311.08,2325.00,2310.84,2323.92,55207.354
1777045500000,2323.92,2328.79,2317.80,2322.72,83537.291
1777046400000,2322.73,2323.39,2315.51,2315.64,34519.322
1777047300000,2315.65,2316.00,2310.37,2314.26,33733.977
1777048200000,2314.27,2320.69,2308.33,2312.26,35848.288
1777049100000,2312.26,2315.91,2310.20,2315.47,20677.493
1777050000000,2315.48,2318.58,2311.28,2318.12,21998.659
1777050900000,2318.12,2318.28,2312.60,2314.16,11877.950
1777051800000,2314.16,2315.14,2307.27,2313.22,20504.844
1777052700000,2313.23,2321.11,2311.27,2318.53,43879.686
1777053600000,2318.53,2320.33,2312.65,2313.24,19247.149
1777054500000,2313.23,2315.90,2308.00,2313.44,27437.765
1777055400000,2313.44,2318.96,2313.03,2317.15,19345.612
1777056300000,2317.15,2319.28,2316.00,2318.73,8177.849
1777057200000,2318.73,2324.00,2318.27,2320.50,24995.411
1777058100000,2320.49,2322.40,2317.85,2319.60,7598.031
1777059000000,2319.59,2322.00,2318.27,2320.22,9980.280
1777059900000,2320.21,2321.35,2318.51,2320.37,10662.822
1777060800000,2320.36,2320.71,2316.44,2319.01,11547.081
1777061700000,2319.00,2319.27,2313.47,2315.65,14821.251
1777062600000,2315.65,2324.89,2315.64,2323.21,18289.350
1777063500000,2323.20,2327.11,2323.01,2325.27,32584.401
1777064400000,2325.27,2326.62,2313.63,2314.01,67532.128
1777065300000,2314.00,2318.63,2313.53,2315.96,29342.089
1777066200000,2315.95,2316.90,2309.00,2313.75,24352.439
1777067100000,2313.76,2316.68,2312.76,2313.69,8092.066
1777068000000,2313.69,2314.86,2312.29,2313.82,9197.258
1777068900000,2313.82,2314.23,2311.53,2311.85,11967.135
1777069800000,2311.85,2312.13,2305.20,2308.70,22857.233
1777070700000,2308.70,2311.46,2308.70,2310.73,8268.284
1777071600000,2310.74,2313.75,2310.74,2313.59,6360.302
1777072500000,2313.59,2313.84,2311.26,2313.60,6472.268
1777073400000,2313.60,2315.37,2313.49,2313.86,5926.543
1777074300000,2313.85,2314.52,2312.92,2313.88,5707.163
1777075200000,2313.87,2314.50,2311.35,2311.57,5766.114
1777076100000,2311.57,2312.50,2310.35,2310.78,6162.598
1777077000000,2310.79,2313.56,2310.00,2312.53,8261.554
1777077900000,2312.53,2314.94,2312.53,2314.86,5923.870
1777078800000,2314.87,2317.50,2314.29,2316.90,7802.117
1777079700000,2316.90,2319.53,2316.14,2316.66,12386.685
1777080600000,2316.67,2318.49,2316.42,2318.47,6994.378
1777081500000,2318.47,2320.00,2316.78,2316.78,8628.108
1777082400000,2316.79,2318.23,2313.07,2316.14,17698.733
1777083300000,2316.14,2317.64,2315.09,2317.23,3881.241
1777084200000,2317.24,2317.68,2315.55,2316.19,3695.569
1777085100000,2316.19,2316.69,2315.52,2316.42,4292.471
1777086000000,2316.42,2319.46,2315.40,2316.53,6820.756
1777086900000,2316.52,2317.56,2314.32,2315.10,5556.725
1777087800000,2315.10,2317.13,2314.99,2316.99,2940.888
1777088700000,2317.00,2318.31,2316.71,2317.51,3995.534
1777089600000,2317.52,2318.17,2316.00,2317.69,4892.483
1777090500000,2317.70,2317.92,2316.42,2316.63,4191.504
1777091400000,2316.63,2316.64,2315.00,2315.52,5917.313
1777092300000,2315.52,2316.34,2315.52,2315.52,2893.114
1777093200000,2315.52,2315.53,2312.06,2313.06,11092.701
1777094100000,2313.06,2313.95,2312.05,2313.12,6108.669
1777095000000,2313.13,2315.29,2313.12,2314.28,4049.487
1777095900000,2314.28,2314.94,2313.83,2314.93,2619.079
1777096800000,2314.93,2316.46,2314.93,2315.59,4809.569
1777097700000,2315.60,2315.71,2313.52,2313.94,4950.330
1777098600000,2313.95,2315.79,2313.94,2314.78,4389.438
1777099500000,2314.77,2316.50,2314.00,2314.99,5592.669
1777100400000,2314.99,2314.99,2313.00,2313.28,7026.234
1777101300000,2313.28,2314.76,2313.00,2314.75,5549.188
1777102200000,2314.75,2315.92,2314.28,2315.25,5176.026
1777103100000,2315.25,2317.99,2314.62,2315.14,8120.071
1777104000000,2315.13,2317.25,2314.71,2316.61,5597.197
1777104900000,2316.60,2317.64,2316.24,2317.35,6133.653
1777105800000,2317.36,2319.83,2317.35,2318.27,13155.190
1777106700000,2318.27,2318.42,2317.66,2318.23,6879.699
1777107600000,2318.24,2318.55,2317.11,2318.32,6892.004
1777108500000,2318.32,2318.96,2315.52,2315.99,11655.030
1777109400000,2316.00,2321.81,2315.99,2320.56,14492.889
1777110300000,2320.55,2322.22,2317.26,2317.80,24097.643
1777111200000,2317.80,2320.30,2317.12,2318.55,14478.766
1777112100000,2318.55,2321.00,2318.55,2319.70,6023.302
1777113000000,2319.70,2321.50,2318.62,2319.25,6688.252
1777113900000,2319.26,2319.58,2317.81,2319.22,8393.705
1777114800000,2319.23,2319.23,2315.65,2315.94,10281.176
1777115700000,2315.94,2316.68,2311.53,2313.72,23626.127
1777116600000,2313.71,2314.18,2311.52,2311.52,14474.777
1777117500000,2311.53,2313.17,2309.51,2312.47,20849.139
1777118400000,2312.47,2315.55,2310.50,2314.46,25498.875
1777119300000,2314.47,2315.90,2312.76,2312.76,6810.294
1777120200000,2312.76,2313.70,2310.10,2312.10,12416.562
1777121100000,2312.09,2313.59,2311.96,2312.06,4768.371
1777122000000,2312.07,2315.90,2312.07,2315.78,9110.376
1777122900000,2315.79,2316.19,2314.63,2315.31,4991.770
1777123800000,2315.30,2316.35,2314.46,2316.21,4485.048
1777124700000,2316.21,2316.77,2315.00,2315.01,6150.982
1777125600000,2315.01,2317.94,2313.82,2316.96,10130.717
1777126500000,2316.96,2317.00,2313.78,2316.20,12543.321
1777127400000,2316.19,2316.79,2315.68,2316.18,3053.167
1777128300000,2316.18,2317.56,2314.32,2314.80,8641.253
1777129200000,2314.80,2315.87,2314.00,2315.35,4567.243
1777130100000,2315.35,2317.00,2315.06,2316.73,5068.600
1777131000000,2316.73,2317.33,2315.27,2315.46,9493.627
1777131900000,2315.46,2315.47,2298.98,2306.65,109031.157
1777132800000,2306.64,2309.26,2303.52,2308.89,41718.102
1777133700000,2308.89,2309.53,2304.28,2307.54,27429.461
1777134600000,2307.53,2308.18,2298.98,2307.16,35268.767
1777135500000,2307.17,2310.00,2307.16,2308.64,16691.268
1777136400000,2308.63,2308.64,2306.82,2307.39,8601.767
1777137300000,2307.40,2312.85,2306.00,2307.91,42539.556
1777138200000,2307.91,2311.05,2306.53,2310.19,14688.456
1777139100000,2310.18,2310.32,2307.84,2307.86,8648.880
1777140000000,2307.85,2311.08,2307.20,2309.38,10312.181
1777140900000,2309.38,2311.34,2307.89,2311.04,10498.173
1777141800000,2311.04,2312.95,2310.63,2310.71,6795.189
1777142700000,2310.70,2312.40,2310.29,2310.49,5027.510
1777143600000,2310.48,2311.20,2308.81,2310.83,6213.225
1777144500000,2310.83,2311.26,2307.84,2307.90,9200.513
1777145400000,2307.90,2308.29,2306.00,2306.00,7924.839
1777146300000,2306.00,2309.98,2306.00,2308.88,6486.055
1777147200000,2308.89,2310.77,2307.80,2309.23,9201.385
1777148100000,2309.23,2311.19,2308.50,2310.45,5573.003
1777149000000,2310.44,2310.96,2309.94,2309.95,5610.280
1777149900000,2309.95,2312.07,2309.45,2311.93,5337.313
1777150800000,2311.92,2316.48,2311.92,2315.15,19341.903
1777151700000,2315.14,2316.12,2314.01,2314.74,7730.243
1777152600000,2314.73,2315.00,2311.31,2313.30,4038.987
1777153500000,2313.30,2315.00,2313.17,2314.60,4004.494
1777154400000,2314.60,2316.41,2313.89,2314.77,5563.813
1777155300000,2314.76,2316.19,2314.32,2315.47,4368.499
1777156200000,2315.48,2319.59,2315.48,2317.71,17431.564
1777157100000,2317.70,2317.78,2316.24,2316.57,4345.801
1777158000000,2316.57,2318.54,2315.65,2317.78,7382.588
1777158900000,2317.78,2318.37,2316.69,2318.08,4690.355
1777159800000,2318.08,2318.55,2317.00,2317.75,5647.061
1777160700000,2317.75,2318.55,2316.80,2318.21,7382.859
1777161600000,2318.21,2318.58,2314.51,2315.48,12109.649
1777162500000,2315.47,2315.47,2313.36,2313.97,6494.923
1777163400000,2313.97,2316.16,2313.20,2316.15,5030.562
1777164300000,2316.16,2316.86,2310.00,2314.00,17135.759
1777165200000,2314.00,2314.45,2312.14,2313.87,8174.710
1777166100000,2313.87,2315.57,2313.78,2314.73,5047.449
1777167000000,2314.72,2316.86,2313.91,2314.64,9181.503
1777167900000,2314.64,2315.53,2312.00,2312.69,6605.990
1777168800000,2312.70,2316.97,2312.19,2316.63,5947.659
1777169700000,2316.63,2317.00,2315.30,2316.12,6052.145
1777170600000,2316.11,2317.51,2314.40,2314.40,5919.897
1777171500000,2314.40,2314.70,2312.89,2313.98,6061.251
1777172400000,2313.98,2314.96,2312.50,2314.96,5645.612
1777173300000,2314.96,2315.37,2310.72,2311.00,5048.067
1777174200000,2311.01,2311.41,2305.07,2307.84,34740.232
1777175100000,2307.84,2309.21,2306.77,2308.64,13337.687
1777176000000,2308.64,2311.48,2307.38,2309.70,10347.455
1777176900000,2309.69,2310.72,2309.10,2309.51,6697.505
1777177800000,2309.50,2312.24,2308.79,2311.43,6534.478
1777178700000,2311.43,2318.63,2311.42,2316.22,42919.148
1777179600000,2316.23,2331.75,2316.13,2327.21,103560.934
1777180500000,2327.21,2336.63,2325.46,2330.00,102851.136
1777181400000,2330.01,2333.71,2326.96,2328.00,36959.020
1777182300000,2327.99,2329.00,2325.99,2326.78,15834.196
1777183200000,2326.78,2330.79,2326.78,2329.34,23336.732
1777184100000,2329.34,2330.00,2327.00,2328.35,9577.653
1777185000000,2328.36,2332.80,2327.94,2330.75,14952.783
1777185900000,2330.75,2331.43,2325.85,2328.89,19158.519
1777186800000,2328.90,2329.49,2327.04,2328.27,12486.803
1777187700000,2328.27,2329.85,2328.27,2328.78,6363.093
1777188600000,2328.77,2329.04,2327.44,2327.45,4781.575
1777189500000,2327.44,2331.25,2327.44,2330.23,11308.958
1777190400000,2330.23,2333.74,2330.11,2331.81,27457.779
1777191300000,2331.82,2332.33,2329.25,2330.52,9389.457
1777192200000,2330.52,2336.99,2330.28,2330.67,31591.431
1777193100000,2330.67,2332.61,2330.33,2331.29,16250.393
1777194000000,2331.30,2331.30,2328.05,2329.86,13056.827
1777194900000,2329.86,2332.68,2329.30,2330.89,10402.155
1777195800000,2330.89,2332.53,2330.03,2332.22,8731.520
1777196700000,2332.21,2334.38,2330.83,2333.35,12387.677
1777197600000,2333.34,2335.50,2331.31,2333.37,12003.279
1777198500000,2333.37,2334.58,2331.69,2332.00,9829.180
1777199400000,2332.00,2332.00,2331.31,2331.66,1093.456
